Type of Travel,Home and Work Filter,Intersection Type,Zone ID,Zone Name,Zone Is Pass-Through,Zone Direction (degrees),Zone is Bi-Direction,Day Type,Day Part,Average Daily Zone Traffic (StL Volume),Avg Trip Duration (sec),Avg All Trip Duration (sec),Avg Trip Length (mi),Avg All Trip Length (mi)
Personal,Visitors,Trip Start,1,American Fork Library,no,N/A,no,0: All Days (M-Su),0: All Day (12am-12am),65,1529,1555,4.1,4.3
Personal,Visitors,Trip Start,1,American Fork Library,no,N/A,no,0: All Days (M-Su),2: Peak AM (6am-10am),1,1313,1313,2.3,2.3
Personal,Visitors,Trip Start,1,American Fork Library,no,N/A,no,0: All Days (M-Su),3: Mid-Day (10am-3pm),27,1524,1565,4.0,4.2
Personal,Visitors,Trip Start,1,American Fork Library,no,N/A,no,0: All Days (M-Su),4: Peak PM (3pm-7pm),26,1637,1640,4.5,4.6
Personal,Visitors,Trip Start,1,American Fork Library,no,N/A,no,0: All Days (M-Su),5: Late PM (7pm-12am),10,1269,1319,3.5,3.8
Personal,Visitors,Trip Start,1,American Fork Library,no,N/A,no,1: Weekday (M-Th),0: All Day (12am-12am),84,1517,1549,3.8,4.0
Personal,Visitors,Trip Start,1,American Fork Library,no,N/A,no,1: Weekday (M-Th),2: Peak AM (6am-10am),1,1313,1313,2.3,2.3
Personal,Visitors,Trip Start,1,American Fork Library,no,N/A,no,1: Weekday (M-Th),3: Mid-Day (10am-3pm),34,1554,1603,4.0,4.3
Personal,Visitors,Trip Start,1,American Fork Library,no,N/A,no,1: Weekday (M-Th),4: Peak PM (3pm-7pm),32,1617,1622,3.8,3.9
Personal,Visitors,Trip Start,1,American Fork Library,no,N/A,no,1: Weekday (M-Th),5: Late PM (7pm-12am),17,1266,1318,3.5,3.8
Personal,Visitors,Trip Start,1,American Fork Library,no,N/A,no,2: Weekend Day (Sa-Su),0: All Day (12am-12am),31,1463,1463,4.7,4.7
Personal,Visitors,Trip Start,1,American Fork Library,no,N/A,no,2: Weekend Day (Sa-Su),3: Mid-Day (10am-3pm),18,1355,1355,4.2,4.2
Personal,Visitors,Trip Start,1,American Fork Library,no,N/A,no,2: Weekend Day (Sa-Su),4: Peak PM (3pm-7pm),12,1648,1648,5.4,5.4
Personal,Visitors,Trip Start,1,American Fork Library,no,N/A,no,2: Weekend Day (Sa-Su),5: Late PM (7pm-12am),2,1328,1328,4.2,4.2
Personal,Visitors,Trip Start,10,Provo City Library,no,N/A,no,0: All Days (M-Su),0: All Day (12am-12am),480,1498,1564,6.6,6.8
Personal,Visitors,Trip Start,10,Provo City Library,no,N/A,no,0: All Days (M-Su),1: Early AM (12am-6am),5,1192,1305,8.6,8.4
Personal,Visitors,Trip Start,10,Provo City Library,no,N/A,no,0: All Days (M-Su),2: Peak AM (6am-10am),34,1443,1595,9.5,9.6
Personal,Visitors,Trip Start,10,Provo City Library,no,N/A,no,0: All Days (M-Su),3: Mid-Day (10am-3pm),149,1539,1600,6.3,6.6
Personal,Visitors,Trip Start,10,Provo City Library,no,N/A,no,0: All Days (M-Su),4: Peak PM (3pm-7pm),151,1540,1621,6.4,6.6
Personal,Visitors,Trip Start,10,Provo City Library,no,N/A,no,0: All Days (M-Su),5: Late PM (7pm-12am),140,1435,1468,6.5,6.6
Personal,Visitors,Trip Start,10,Provo City Library,no,N/A,no,1: Weekday (M-Th),0: All Day (12am-12am),545,1439,1522,5.8,6.1
Personal,Visitors,Trip Start,10,Provo City Library,no,N/A,no,1: Weekday (M-Th),1: Early AM (12am-6am),5,1013,1217,9.8,9.6
Personal,Visitors,Trip Start,10,Provo City Library,no,N/A,no,1: Weekday (M-Th),2: Peak AM (6am-10am),43,1346,1505,6.9,7.1
Personal,Visitors,Trip Start,10,Provo City Library,no,N/A,no,1: Weekday (M-Th),3: Mid-Day (10am-3pm),173,1563,1652,5.9,6.4
Personal,Visitors,Trip Start,10,Provo City Library,no,N/A,no,1: Weekday (M-Th),4: Peak PM (3pm-7pm),153,1452,1564,5.5,5.9
Personal,Visitors,Trip Start,10,Provo City Library,no,N/A,no,1: Weekday (M-Th),5: Late PM (7pm-12am),170,1339,1363,5.7,5.7
Personal,Visitors,Trip Start,10,Provo City Library,no,N/A,no,2: Weekend Day (Sa-Su),0: All Day (12am-12am),323,1599,1625,8.2,8.2
Personal,Visitors,Trip Start,10,Provo City Library,no,N/A,no,2: Weekend Day (Sa-Su),1: Early AM (12am-6am),8,1442,1442,8.8,8.8
Personal,Visitors,Trip Start,10,Provo City Library,no,N/A,no,2: Weekend Day (Sa-Su),2: Peak AM (6am-10am),16,1295,1418,6.3,6.4
Personal,Visitors,Trip Start,10,Provo City Library,no,N/A,no,2: Weekend Day (Sa-Su),3: Mid-Day (10am-3pm),99,1446,1450,6.3,6.3
Personal,Visitors,Trip Start,10,Provo City Library,no,N/A,no,2: Weekend Day (Sa-Su),4: Peak PM (3pm-7pm),119,1679,1711,8.9,8.8
Personal,Visitors,Trip Start,10,Provo City Library,no,N/A,no,2: Weekend Day (Sa-Su),5: Late PM (7pm-12am),81,1748,1773,9.8,9.8
Personal,Visitors,Trip Start,11,Salem City Library,no,N/A,no,0: All Days (M-Su),0: All Day (12am-12am),7,1008,1046,3.2,3.3
Personal,Visitors,Trip Start,11,Salem City Library,no,N/A,no,0: All Days (M-Su),2: Peak AM (6am-10am),0,1298,1298,2.5,2.5
Personal,Visitors,Trip Start,11,Salem City Library,no,N/A,no,0: All Days (M-Su),3: Mid-Day (10am-3pm),3,1305,1305,4.8,4.8
Personal,Visitors,Trip Start,11,Salem City Library,no,N/A,no,0: All Days (M-Su),4: Peak PM (3pm-7pm),3,737,854,1.9,2.2
Personal,Visitors,Trip Start,11,Salem City Library,no,N/A,no,0: All Days (M-Su),5: Late PM (7pm-12am),1,586,586,1.2,1.2
Personal,Visitors,Trip Start,11,Salem City Library,no,N/A,no,1: Weekday (M-Th),0: All Day (12am-12am),7,937,942,3.2,3.2
Personal,Visitors,Trip Start,11,Salem City Library,no,N/A,no,1: Weekday (M-Th),2: Peak AM (6am-10am),1,1298,1298,2.5,2.5
Personal,Visitors,Trip Start,11,Salem City Library,no,N/A,no,1: Weekday (M-Th),3: Mid-Day (10am-3pm),2,1110,1110,5.4,5.4
Personal,Visitors,Trip Start,11,Salem City Library,no,N/A,no,1: Weekday (M-Th),4: Peak PM (3pm-7pm),4,817,836,2.2,2.3
Personal,Visitors,Trip Start,11,Salem City Library,no,N/A,no,1: Weekday (M-Th),5: Late PM (7pm-12am),1,606,606,1.2,1.2
Personal,Visitors,Trip Start,11,Salem City Library,no,N/A,no,2: Weekend Day (Sa-Su),0: All Day (12am-12am),4,1391,1391,2.6,2.6
Personal,Visitors,Trip Start,11,Salem City Library,no,N/A,no,2: Weekend Day (Sa-Su),3: Mid-Day (10am-3pm),3,1604,1604,3.0,3.0
Personal,Visitors,Trip Start,11,Salem City Library,no,N/A,no,2: Weekend Day (Sa-Su),4: Peak PM (3pm-7pm),1,324,324,0.7,0.7
Personal,Visitors,Trip Start,12,Santaquin City Library,no,N/A,no,0: All Days (M-Su),0: All Day (12am-12am),18,1260,1265,3.6,3.6
Personal,Visitors,Trip Start,12,Santaquin City Library,no,N/A,no,0: All Days (M-Su),2: Peak AM (6am-10am),2,892,892,1.6,1.6
Personal,Visitors,Trip Start,12,Santaquin City Library,no,N/A,no,0: All Days (M-Su),3: Mid-Day (10am-3pm),6,1296,1296,3.9,3.9
Personal,Visitors,Trip Start,12,Santaquin City Library,no,N/A,no,0: All Days (M-Su),4: Peak PM (3pm-7pm),7,1286,1297,4.1,4.0
Personal,Visitors,Trip Start,12,Santaquin City Library,no,N/A,no,0: All Days (M-Su),5: Late PM (7pm-12am),3,1421,1421,3.5,3.5
Personal,Visitors,Trip Start,12,Santaquin City Library,no,N/A,no,1: Weekday (M-Th),0: All Day (12am-12am),24,1341,1348,4.0,4.0
Personal,Visitors,Trip Start,12,Santaquin City Library,no,N/A,no,1: Weekday (M-Th),2: Peak AM (6am-10am),3,975,975,1.3,1.3
Personal,Visitors,Trip Start,12,Santaquin City Library,no,N/A,no,1: Weekday (M-Th),3: Mid-Day (10am-3pm),8,1460,1460,4.6,4.6
Personal,Visitors,Trip Start,12,Santaquin City Library,no,N/A,no,1: Weekday (M-Th),4: Peak PM (3pm-7pm),10,1352,1368,4.2,4.3
Personal,Visitors,Trip Start,12,Santaquin City Library,no,N/A,no,1: Weekday (M-Th),5: Late PM (7pm-12am),4,1317,1317,3.9,3.9
Personal,Visitors,Trip Start,12,Santaquin City Library,no,N/A,no,2: Weekend Day (Sa-Su),0: All Day (12am-12am),7,1161,1161,2.4,2.4
Personal,Visitors,Trip Start,12,Santaquin City Library,no,N/A,no,2: Weekend Day (Sa-Su),3: Mid-Day (10am-3pm),4,861,861,2.1,2.1
Personal,Visitors,Trip Start,12,Santaquin City Library,no,N/A,no,2: Weekend Day (Sa-Su),4: Peak PM (3pm-7pm),1,1205,1205,5.2,5.2
Personal,Visitors,Trip Start,12,Santaquin City Library,no,N/A,no,2: Weekend Day (Sa-Su),5: Late PM (7pm-12am),2,1889,1889,1.7,1.7
Personal,Visitors,Trip Start,13,Saratoga Springs Library,no,N/A,no,0: All Days (M-Su),0: All Day (12am-12am),35,1489,1551,5.9,6.2
Personal,Visitors,Trip Start,13,Saratoga Springs Library,no,N/A,no,0: All Days (M-Su),1: Early AM (12am-6am),0,1116,1116,4.4,4.4
Personal,Visitors,Trip Start,13,Saratoga Springs Library,no,N/A,no,0: All Days (M-Su),2: Peak AM (6am-10am),3,1398,1561,7.5,7.9
Personal,Visitors,Trip Start,13,Saratoga Springs Library,no,N/A,no,0: All Days (M-Su),3: Mid-Day (10am-3pm),14,1615,1698,7.2,7.5
Personal,Visitors,Trip Start,13,Saratoga Springs Library,no,N/A,no,0: All Days (M-Su),4: Peak PM (3pm-7pm),12,1438,1455,5.0,4.9
Personal,Visitors,Trip Start,13,Saratoga Springs Library,no,N/A,no,0: All Days (M-Su),5: Late PM (7pm-12am),5,1329,1387,4.1,4.4
Personal,Visitors,Trip Start,13,Saratoga Springs Library,no,N/A,no,1: Weekday (M-Th),0: All Day (12am-12am),46,1458,1511,5.9,6.1
Personal,Visitors,Trip Start,13,Saratoga Springs Library,no,N/A,no,1: Weekday (M-Th),1: Early AM (12am-6am),1,1116,1116,4.4,4.4
Personal,Visitors,Trip Start,13,Saratoga Springs Library,no,N/A,no,1: Weekday (M-Th),2: Peak AM (6am-10am),4,1315,1534,7.2,7.8
Personal,Visitors,Trip Start,13,Saratoga Springs Library,no,N/A,no,1: Weekday (M-Th),3: Mid-Day (10am-3pm),17,1513,1586,7.2,7.7
Personal,Visitors,Trip Start,13,Saratoga Springs Library,no,N/A,no,1: Weekday (M-Th),4: Peak PM (3pm-7pm),18,1458,1478,5.2,5.1
Personal,Visitors,Trip Start,13,Saratoga Springs Library,no,N/A,no,1: Weekday (M-Th),5: Late PM (7pm-12am),7,1432,1432,4.2,4.2
Personal,Visitors,Trip Start,13,Saratoga Springs Library,no,N/A,no,2: Weekend Day (Sa-Su),0: All Day (12am-12am),10,943,1110,2.6,3.1
Personal,Visitors,Trip Start,13,Saratoga Springs Library,no,N/A,no,2: Weekend Day (Sa-Su),3: Mid-Day (10am-3pm),6,936,1019,2.6,2.7
Personal,Visitors,Trip Start,13,Saratoga Springs Library,no,N/A,no,2: Weekend Day (Sa-Su),4: Peak PM (3pm-7pm),3,1022,1022,2.8,2.8
Personal,Visitors,Trip Start,13,Saratoga Springs Library,no,N/A,no,2: Weekend Day (Sa-Su),5: Late PM (7pm-12am),1,611,1781,1.6,6.0
Personal,Visitors,Trip Start,14,Spanish Fork Public Library,no,N/A,no,0: All Days (M-Su),0: All Day (12am-12am),33,1296,1375,3.3,3.6
Personal,Visitors,Trip Start,14,Spanish Fork Public Library,no,N/A,no,0: All Days (M-Su),2: Peak AM (6am-10am),1,1858,1858,8.5,8.5
Personal,Visitors,Trip Start,14,Spanish Fork Public Library,no,N/A,no,0: All Days (M-Su),3: Mid-Day (10am-3pm),13,1339,1339,3.3,3.3
Personal,Visitors,Trip Start,14,Spanish Fork Public Library,no,N/A,no,0: All Days (M-Su),4: Peak PM (3pm-7pm),16,1269,1413,3.2,3.7
Personal,Visitors,Trip Start,14,Spanish Fork Public Library,no,N/A,no,0: All Days (M-Su),5: Late PM (7pm-12am),4,1170,1270,3.4,3.7
Personal,Visitors,Trip Start,14,Spanish Fork Public Library,no,N/A,no,1: Weekday (M-Th),0: All Day (12am-12am),40,1359,1418,3.3,3.6
Personal,Visitors,Trip Start,14,Spanish Fork Public Library,no,N/A,no,1: Weekday (M-Th),2: Peak AM (6am-10am),1,1858,1858,8.5,8.5
Personal,Visitors,Trip Start,14,Spanish Fork Public Library,no,N/A,no,1: Weekday (M-Th),3: Mid-Day (10am-3pm),15,1417,1417,3.5,3.5
Personal,Visitors,Trip Start,14,Spanish Fork Public Library,no,N/A,no,1: Weekday (M-Th),4: Peak PM (3pm-7pm),19,1301,1426,3.0,3.7
Personal,Visitors,Trip Start,14,Spanish Fork Public Library,no,N/A,no,1: Weekday (M-Th),5: Late PM (7pm-12am),5,1287,1287,2.7,2.7
Personal,Visitors,Trip Start,14,Spanish Fork Public Library,no,N/A,no,2: Weekend Day (Sa-Su),0: All Day (12am-12am),23,1212,1269,3.4,3.6
Personal,Visitors,Trip Start,14,Spanish Fork Public Library,no,N/A,no,2: Weekend Day (Sa-Su),3: Mid-Day (10am-3pm),10,1199,1199,3.0,3.0
Personal,Visitors,Trip Start,14,Spanish Fork Public Library,no,N/A,no,2: Weekend Day (Sa-Su),4: Peak PM (3pm-7pm),10,1288,1288,3.7,3.7
Personal,Visitors,Trip Start,14,Spanish Fork Public Library,no,N/A,no,2: Weekend Day (Sa-Su),5: Late PM (7pm-12am),3,998,1430,4.0,5.1
Personal,Visitors,Trip Start,15,Springville Public Library,no,N/A,no,0: All Days (M-Su),0: All Day (12am-12am),99,1369,1443,3.8,4.3
Personal,Visitors,Trip Start,15,Springville Public Library,no,N/A,no,0: All Days (M-Su),2: Peak AM (6am-10am),1,819,1703,1.8,3.2
Personal,Visitors,Trip Start,15,Springville Public Library,no,N/A,no,0: All Days (M-Su),3: Mid-Day (10am-3pm),31,1516,1625,4.1,5.1
Personal,Visitors,Trip Start,15,Springville Public Library,no,N/A,no,0: All Days (M-Su),4: Peak PM (3pm-7pm),44,1368,1421,3.6,3.8
Personal,Visitors,Trip Start,15,Springville Public Library,no,N/A,no,0: All Days (M-Su),5: Late PM (7pm-12am),23,1190,1225,3.8,4.3
Personal,Visitors,Trip Start,15,Springville Public Library,no,N/A,no,1: Weekday (M-Th),0: All Day (12am-12am),131,1343,1419,3.8,4.4
Personal,Visitors,Trip Start,15,Springville Public Library,no,N/A,no,1: Weekday (M-Th),2: Peak AM (6am-10am),1,819,819,1.8,1.8
Personal,Visitors,Trip Start,15,Springville Public Library,no,N/A,no,1: Weekday (M-Th),3: Mid-Day (10am-3pm),34,1554,1690,4.6,6.1
Personal,Visitors,Trip Start,15,Springville Public Library,no,N/A,no,1: Weekday (M-Th),4: Peak PM (3pm-7pm),60,1344,1408,3.3,3.5
Personal,Visitors,Trip Start,15,Springville Public Library,no,N/A,no,1: Weekday (M-Th),5: Late PM (7pm-12am),36,1163,1204,3.9,4.4
Personal,Visitors,Trip Start,15,Springville Public Library,no,N/A,no,2: Weekend Day (Sa-Su),0: All Day (12am-12am),35,1446,1446,3.8,3.8
Personal,Visitors,Trip Start,15,Springville Public Library,no,N/A,no,2: Weekend Day (Sa-Su),3: Mid-Day (10am-3pm),24,1392,1392,3.1,3.1
Personal,Visitors,Trip Start,15,Springville Public Library,no,N/A,no,2: Weekend Day (Sa-Su),4: Peak PM (3pm-7pm),11,1569,1569,5.6,5.6
Personal,Visitors,Trip Start,17,Utah State Hospital Patient Library,no,N/A,no,0: All Days (M-Su),0: All Day (12am-12am),58,1866,1869,10.0,10.0
Personal,Visitors,Trip Start,17,Utah State Hospital Patient Library,no,N/A,no,0: All Days (M-Su),1: Early AM (12am-6am),2,4071,4071,19.7,19.7
Personal,Visitors,Trip Start,17,Utah State Hospital Patient Library,no,N/A,no,0: All Days (M-Su),2: Peak AM (6am-10am),12,2167,2167,13.3,13.3
Personal,Visitors,Trip Start,17,Utah State Hospital Patient Library,no,N/A,no,0: All Days (M-Su),3: Mid-Day (10am-3pm),20,1630,1630,7.1,7.1
Personal,Visitors,Trip Start,17,Utah State Hospital Patient Library,no,N/A,no,0: All Days (M-Su),4: Peak PM (3pm-7pm),12,2020,2047,12.9,12.8
Personal,Visitors,Trip Start,17,Utah State Hospital Patient Library,no,N/A,no,0: All Days (M-Su),5: Late PM (7pm-12am),12,1468,1458,7.3,7.1
Personal,Visitors,Trip Start,17,Utah State Hospital Patient Library,no,N/A,no,1: Weekday (M-Th),0: All Day (12am-12am),62,1876,1886,8.8,8.8
Personal,Visitors,Trip Start,17,Utah State Hospital Patient Library,no,N/A,no,1: Weekday (M-Th),1: Early AM (12am-6am),2,3028,3028,24.6,24.6
Personal,Visitors,Trip Start,17,Utah State Hospital Patient Library,no,N/A,no,1: Weekday (M-Th),2: Peak AM (6am-10am),15,2403,2403,13.9,13.9
Personal,Visitors,Trip Start,17,Utah State Hospital Patient Library,no,N/A,no,1: Weekday (M-Th),3: Mid-Day (10am-3pm),20,1601,1601,6.1,6.1
Personal,Visitors,Trip Start,17,Utah State Hospital Patient Library,no,N/A,no,1: Weekday (M-Th),4: Peak PM (3pm-7pm),11,1955,2014,7.6,8.1
Personal,Visitors,Trip Start,17,Utah State Hospital Patient Library,no,N/A,no,1: Weekday (M-Th),5: Late PM (7pm-12am),13,1473,1470,5.9,5.7
Personal,Visitors,Trip Start,17,Utah State Hospital Patient Library,no,N/A,no,2: Weekend Day (Sa-Su),0: All Day (12am-12am),61,1955,1944,12.5,12.4
Personal,Visitors,Trip Start,17,Utah State Hospital Patient Library,no,N/A,no,2: Weekend Day (Sa-Su),1: Early AM (12am-6am),2,5809,5809,11.6,11.6
Personal,Visitors,Trip Start,17,Utah State Hospital Patient Library,no,N/A,no,2: Weekend Day (Sa-Su),2: Peak AM (6am-10am),8,1537,1537,12.7,12.7
Personal,Visitors,Trip Start,17,Utah State Hospital Patient Library,no,N/A,no,2: Weekend Day (Sa-Su),3: Mid-Day (10am-3pm),23,1692,1692,7.6,7.6
Personal,Visitors,Trip Start,17,Utah State Hospital Patient Library,no,N/A,no,2: Weekend Day (Sa-Su),4: Peak PM (3pm-7pm),17,2393,2393,21.5,21.5
Personal,Visitors,Trip Start,17,Utah State Hospital Patient Library,no,N/A,no,2: Weekend Day (Sa-Su),5: Late PM (7pm-12am),11,1305,1289,8.7,8.3
Personal,Visitors,Trip Start,18,Utah Valley University Library,no,N/A,no,0: All Days (M-Su),0: All Day (12am-12am),282,1876,1907,7.2,7.3
Personal,Visitors,Trip Start,18,Utah Valley University Library,no,N/A,no,0: All Days (M-Su),1: Early AM (12am-6am),8,1972,2040,4.7,5.1
Personal,Visitors,Trip Start,18,Utah Valley University Library,no,N/A,no,0: All Days (M-Su),2: Peak AM (6am-10am),23,1696,1696,5.2,5.1
Personal,Visitors,Trip Start,18,Utah Valley University Library,no,N/A,no,0: All Days (M-Su),3: Mid-Day (10am-3pm),93,1858,1908,6.7,6.9
Personal,Visitors,Trip Start,18,Utah Valley University Library,no,N/A,no,0: All Days (M-Su),4: Peak PM (3pm-7pm),85,1963,1984,8.1,8.2
Personal,Visitors,Trip Start,18,Utah Valley University Library,no,N/A,no,0: All Days (M-Su),5: Late PM (7pm-12am),73,1841,1867,7.5,7.6
Personal,Visitors,Trip Start,18,Utah Valley University Library,no,N/A,no,1: Weekday (M-Th),0: All Day (12am-12am),378,1869,1890,7.0,7.0
Personal,Visitors,Trip Start,18,Utah Valley University Library,no,N/A,no,1: Weekday (M-Th),1: Early AM (12am-6am),9,2139,2235,5.0,5.6
Personal,Visitors,Trip Start,18,Utah Valley University Library,no,N/A,no,1: Weekday (M-Th),2: Peak AM (6am-10am),30,1653,1655,5.2,5.1
Personal,Visitors,Trip Start,18,Utah Valley University Library,no,N/A,no,1: Weekday (M-Th),3: Mid-Day (10am-3pm),123,1869,1906,6.7,6.8
Personal,Visitors,Trip Start,18,Utah Valley University Library,no,N/A,no,1: Weekday (M-Th),4: Peak PM (3pm-7pm),110,1924,1939,7.3,7.3
Personal,Visitors,Trip Start,18,Utah Valley University Library,no,N/A,no,1: Weekday (M-Th),5: Late PM (7pm-12am),106,1847,1857,7.8,7.8
Personal,Visitors,Trip Start,18,Utah Valley University Library,no,N/A,no,2: Weekend Day (Sa-Su),0: All Day (12am-12am),84,1758,1801,7.2,7.4
Personal,Visitors,Trip Start,18,Utah Valley University Library,no,N/A,no,2: Weekend Day (Sa-Su),1: Early AM (12am-6am),5,1401,1401,3.8,3.8
Personal,Visitors,Trip Start,18,Utah Valley University Library,no,N/A,no,2: Weekend Day (Sa-Su),2: Peak AM (6am-10am),2,1830,1830,5.2,5.2
Personal,Visitors,Trip Start,18,Utah Valley University Library,no,N/A,no,2: Weekend Day (Sa-Su),3: Mid-Day (10am-3pm),26,1864,1864,7.9,7.9
Personal,Visitors,Trip Start,18,Utah Valley University Library,no,N/A,no,2: Weekend Day (Sa-Su),4: Peak PM (3pm-7pm),37,1815,1909,8.1,8.3
Personal,Visitors,Trip Start,18,Utah Valley University Library,no,N/A,no,2: Weekend Day (Sa-Su),5: Late PM (7pm-12am),14,1557,1557,5.6,5.6
Personal,Visitors,Trip Start,19,Utah Valley University Library - Fire Science Campus (Provo Airport),no,N/A,no,0: All Days (M-Su),0: All Day (12am-12am),43,2104,2106,16.0,16.0
Personal,Visitors,Trip Start,19,Utah Valley University Library - Fire Science Campus (Provo Airport),no,N/A,no,0: All Days (M-Su),2: Peak AM (6am-10am),3,1121,1121,7.0,7.0
Personal,Visitors,Trip Start,19,Utah Valley University Library - Fire Science Campus (Provo Airport),no,N/A,no,0: All Days (M-Su),3: Mid-Day (10am-3pm),19,2239,2239,17.5,17.5
Personal,Visitors,Trip Start,19,Utah Valley University Library - Fire Science Campus (Provo Airport),no,N/A,no,0: All Days (M-Su),4: Peak PM (3pm-7pm),12,2526,2526,20.5,20.5
Personal,Visitors,Trip Start,19,Utah Valley University Library - Fire Science Campus (Provo Airport),no,N/A,no,0: All Days (M-Su),5: Late PM (7pm-12am),10,1592,1614,10.0,10.1
Personal,Visitors,Trip Start,19,Utah Valley University Library - Fire Science Campus (Provo Airport),no,N/A,no,1: Weekday (M-Th),0: All Day (12am-12am),65,2174,2176,16.8,16.8
Personal,Visitors,Trip Start,19,Utah Valley University Library - Fire Science Campus (Provo Airport),no,N/A,no,1: Weekday (M-Th),2: Peak AM (6am-10am),4,1040,1040,6.2,6.2
Personal,Visitors,Trip Start,19,Utah Valley University Library - Fire Science Campus (Provo Airport),no,N/A,no,1: Weekday (M-Th),3: Mid-Day (10am-3pm),31,2279,2279,18.0,18.0
Personal,Visitors,Trip Start,19,Utah Valley University Library - Fire Science Campus (Provo Airport),no,N/A,no,1: Weekday (M-Th),4: Peak PM (3pm-7pm),17,2658,2658,22.0,22.0
Personal,Visitors,Trip Start,19,Utah Valley University Library - Fire Science Campus (Provo Airport),no,N/A,no,1: Weekday (M-Th),5: Late PM (7pm-12am),14,1631,1656,10.5,10.6
Personal,Visitors,Trip Start,19,Utah Valley University Library - Fire Science Campus (Provo Airport),no,N/A,no,2: Weekend Day (Sa-Su),0: All Day (12am-12am),5,1348,1348,6.1,6.1
Personal,Visitors,Trip Start,19,Utah Valley University Library - Fire Science Campus (Provo Airport),no,N/A,no,2: Weekend Day (Sa-Su),3: Mid-Day (10am-3pm),2,1543,1543,7.4,7.4
Personal,Visitors,Trip Start,19,Utah Valley University Library - Fire Science Campus (Provo Airport),no,N/A,no,2: Weekend Day (Sa-Su),4: Peak PM (3pm-7pm),2,1082,1082,3.9,3.9
Personal,Visitors,Trip Start,19,Utah Valley University Library - Fire Science Campus (Provo Airport),no,N/A,no,2: Weekend Day (Sa-Su),5: Late PM (7pm-12am),1,1293,1293,6.6,6.6
Personal,Visitors,Trip Start,2,Brigham Young University - Harold B. Lee Library,no,N/A,no,0: All Days (M-Su),0: All Day (12am-12am),422,1444,1492,2.8,3.0
Personal,Visitors,Trip Start,2,Brigham Young University - Harold B. Lee Library,no,N/A,no,0: All Days (M-Su),1: Early AM (12am-6am),7,1075,1138,1.8,1.9
Personal,Visitors,Trip Start,2,Brigham Young University - Harold B. Lee Library,no,N/A,no,0: All Days (M-Su),2: Peak AM (6am-10am),10,1402,1394,4.6,4.6
Personal,Visitors,Trip Start,2,Brigham Young University - Harold B. Lee Library,no,N/A,no,0: All Days (M-Su),3: Mid-Day (10am-3pm),106,1525,1551,3.1,3.2
Personal,Visitors,Trip Start,2,Brigham Young University - Harold B. Lee Library,no,N/A,no,0: All Days (M-Su),4: Peak PM (3pm-7pm),157,1514,1563,2.9,3.1
Personal,Visitors,Trip Start,2,Brigham Young University - Harold B. Lee Library,no,N/A,no,0: All Days (M-Su),5: Late PM (7pm-12am),142,1322,1392,2.3,2.6
Personal,Visitors,Trip Start,2,Brigham Young University - Harold B. Lee Library,no,N/A,no,1: Weekday (M-Th),0: All Day (12am-12am),563,1411,1461,2.6,2.8
Personal,Visitors,Trip Start,2,Brigham Young University - Harold B. Lee Library,no,N/A,no,1: Weekday (M-Th),1: Early AM (12am-6am),9,1031,1078,1.5,1.6
Personal,Visitors,Trip Start,2,Brigham Young University - Harold B. Lee Library,no,N/A,no,1: Weekday (M-Th),2: Peak AM (6am-10am),14,1361,1352,4.2,4.2
Personal,Visitors,Trip Start,2,Brigham Young University - Harold B. Lee Library,no,N/A,no,1: Weekday (M-Th),3: Mid-Day (10am-3pm),129,1481,1502,2.7,2.8
Personal,Visitors,Trip Start,2,Brigham Young University - Harold B. Lee Library,no,N/A,no,1: Weekday (M-Th),4: Peak PM (3pm-7pm),209,1477,1526,2.8,3.0
Personal,Visitors,Trip Start,2,Brigham Young University - Harold B. Lee Library,no,N/A,no,1: Weekday (M-Th),5: Late PM (7pm-12am),202,1311,1391,2.2,2.5
Personal,Visitors,Trip Start,2,Brigham Young University - Harold B. Lee Library,no,N/A,no,2: Weekend Day (Sa-Su),0: All Day (12am-12am),130,1530,1600,3.3,3.6
Personal,Visitors,Trip Start,2,Brigham Young University - Harold B. Lee Library,no,N/A,no,2: Weekend Day (Sa-Su),1: Early AM (12am-6am),2,1279,1279,5.0,5.0
Personal,Visitors,Trip Start,2,Brigham Young University - Harold B. Lee Library,no,N/A,no,2: Weekend Day (Sa-Su),2: Peak AM (6am-10am),1,1583,1583,1.7,1.7
Personal,Visitors,Trip Start,2,Brigham Young University - Harold B. Lee Library,no,N/A,no,2: Weekend Day (Sa-Su),3: Mid-Day (10am-3pm),44,1665,1709,4.7,4.9
Personal,Visitors,Trip Start,2,Brigham Young University - Harold B. Lee Library,no,N/A,no,2: Weekend Day (Sa-Su),4: Peak PM (3pm-7pm),47,1504,1613,2.5,3.0
Personal,Visitors,Trip Start,2,Brigham Young University - Harold B. Lee Library,no,N/A,no,2: Weekend Day (Sa-Su),5: Late PM (7pm-12am),35,1411,1467,2.6,2.8
Personal,Visitors,Trip Start,3,Brigham Young University - Hunter Law Library,no,N/A,no,0: All Days (M-Su),0: All Day (12am-12am),4,1615,1696,3.1,3.2
Personal,Visitors,Trip Start,3,Brigham Young University - Hunter Law Library,no,N/A,no,0: All Days (M-Su),1: Early AM (12am-6am),0,1133,1133,1.6,1.6
Personal,Visitors,Trip Start,3,Brigham Young University - Hunter Law Library,no,N/A,no,0: All Days (M-Su),3: Mid-Day (10am-3pm),2,1955,1955,4.8,4.8
Personal,Visitors,Trip Start,3,Brigham Young University - Hunter Law Library,no,N/A,no,0: All Days (M-Su),4: Peak PM (3pm-7pm),1,1430,1747,2.1,2.5
Personal,Visitors,Trip Start,3,Brigham Young University - Hunter Law Library,no,N/A,no,0: All Days (M-Su),5: Late PM (7pm-12am),1,1355,1355,1.7,1.7
Personal,Visitors,Trip Start,3,Brigham Young University - Hunter Law Library,no,N/A,no,1: Weekday (M-Th),0: All Day (12am-12am),5,1445,1445,2.8,2.8
Personal,Visitors,Trip Start,3,Brigham Young University - Hunter Law Library,no,N/A,no,1: Weekday (M-Th),1: Early AM (12am-6am),0,1133,1133,1.6,1.6
Personal,Visitors,Trip Start,3,Brigham Young University - Hunter Law Library,no,N/A,no,1: Weekday (M-Th),3: Mid-Day (10am-3pm),2,1746,1746,4.3,4.3
Personal,Visitors,Trip Start,3,Brigham Young University - Hunter Law Library,no,N/A,no,1: Weekday (M-Th),4: Peak PM (3pm-7pm),1,1082,1082,1.2,1.2
Personal,Visitors,Trip Start,3,Brigham Young University - Hunter Law Library,no,N/A,no,1: Weekday (M-Th),5: Late PM (7pm-12am),2,1278,1278,1.8,1.8
Personal,Visitors,Trip Start,3,Brigham Young University - Hunter Law Library,no,N/A,no,2: Weekend Day (Sa-Su),0: All Day (12am-12am),2,1976,1976,4.6,4.6
Personal,Visitors,Trip Start,3,Brigham Young University - Hunter Law Library,no,N/A,no,2: Weekend Day (Sa-Su),3: Mid-Day (10am-3pm),1,2792,2792,6.7,6.7
Personal,Visitors,Trip Start,3,Brigham Young University - Hunter Law Library,no,N/A,no,2: Weekend Day (Sa-Su),4: Peak PM (3pm-7pm),1,346,346,0.5,0.5
Personal,Visitors,Trip Start,4,Eagle Mountain Public Library,no,N/A,no,0: All Days (M-Su),0: All Day (12am-12am),18,1546,1562,8.0,7.9
Personal,Visitors,Trip Start,4,Eagle Mountain Public Library,no,N/A,no,0: All Days (M-Su),2: Peak AM (6am-10am),1,1435,1508,5.0,4.8
Personal,Visitors,Trip Start,4,Eagle Mountain Public Library,no,N/A,no,0: All Days (M-Su),3: Mid-Day (10am-3pm),8,1535,1535,7.3,7.3
Personal,Visitors,Trip Start,4,Eagle Mountain Public Library,no,N/A,no,0: All Days (M-Su),4: Peak PM (3pm-7pm),7,1446,1481,7.6,7.7
Personal,Visitors,Trip Start,4,Eagle Mountain Public Library,no,N/A,no,0: All Days (M-Su),5: Late PM (7pm-12am),2,2045,2045,14.2,14.2
Personal,Visitors,Trip Start,4,Eagle Mountain Public Library,no,N/A,no,1: Weekday (M-Th),0: All Day (12am-12am),25,1576,1595,8.8,8.7
Personal,Visitors,Trip Start,4,Eagle Mountain Public Library,no,N/A,no,1: Weekday (M-Th),2: Peak AM (6am-10am),2,1400,1490,4.2,4.1
Personal,Visitors,Trip Start,4,Eagle Mountain Public Library,no,N/A,no,1: Weekday (M-Th),3: Mid-Day (10am-3pm),11,1511,1511,7.8,7.8
Personal,Visitors,Trip Start,4,Eagle Mountain Public Library,no,N/A,no,1: Weekday (M-Th),4: Peak PM (3pm-7pm),10,1595,1629,9.1,9.1
Personal,Visitors,Trip Start,4,Eagle Mountain Public Library,no,N/A,no,1: Weekday (M-Th),5: Late PM (7pm-12am),3,1895,1895,14.7,14.7
Personal,Visitors,Trip Start,4,Eagle Mountain Public Library,no,N/A,no,2: Weekend Day (Sa-Su),0: All Day (12am-12am),6,1467,1467,4.2,4.2
Personal,Visitors,Trip Start,4,Eagle Mountain Public Library,no,N/A,no,2: Weekend Day (Sa-Su),3: Mid-Day (10am-3pm),2,1768,1768,5.6,5.6
Personal,Visitors,Trip Start,4,Eagle Mountain Public Library,no,N/A,no,2: Weekend Day (Sa-Su),4: Peak PM (3pm-7pm),3,940,940,2.1,2.1
Personal,Visitors,Trip Start,4,Eagle Mountain Public Library,no,N/A,no,2: Weekend Day (Sa-Su),5: Late PM (7pm-12am),1,2368,2368,7.2,7.2
Personal,Visitors,Trip Start,5,Highland City Library,no,N/A,no,0: All Days (M-Su),0: All Day (12am-12am),19,1490,1590,7.3,7.6
Personal,Visitors,Trip Start,5,Highland City Library,no,N/A,no,0: All Days (M-Su),1: Early AM (12am-6am),0,395,395,2.3,2.3
Personal,Visitors,Trip Start,5,Highland City Library,no,N/A,no,0: All Days (M-Su),2: Peak AM (6am-10am),0,1017,1017,2.2,2.2
Personal,Visitors,Trip Start,5,Highland City Library,no,N/A,no,0: All Days (M-Su),3: Mid-Day (10am-3pm),8,1353,1584,5.6,6.5
Personal,Visitors,Trip Start,5,Highland City Library,no,N/A,no,0: All Days (M-Su),4: Peak PM (3pm-7pm),6,1846,1846,9.0,9.0
Personal,Visitors,Trip Start,5,Highland City Library,no,N/A,no,0: All Days (M-Su),5: Late PM (7pm-12am),4,1368,1368,8.7,8.7
Personal,Visitors,Trip Start,5,Highland City Library,no,N/A,no,1: Weekday (M-Th),0: All Day (12am-12am),24,1553,1683,8.0,8.4
Personal,Visitors,Trip Start,5,Highland City Library,no,N/A,no,1: Weekday (M-Th),1: Early AM (12am-6am),0,395,395,2.3,2.3
Personal,Visitors,Trip Start,5,Highland City Library,no,N/A,no,1: Weekday (M-Th),2: Peak AM (6am-10am),1,905,905,1.7,1.7
Personal,Visitors,Trip Start,5,Highland City Library,no,N/A,no,1: Weekday (M-Th),3: Mid-Day (10am-3pm),9,1459,1820,7.0,8.3
Personal,Visitors,Trip Start,5,Highland City Library,no,N/A,no,1: Weekday (M-Th),4: Peak PM (3pm-7pm),8,1886,1886,8.9,8.9
Personal,Visitors,Trip Start,5,Highland City Library,no,N/A,no,1: Weekday (M-Th),5: Late PM (7pm-12am),6,1359,1359,8.9,8.9
Personal,Visitors,Trip Start,5,Highland City Library,no,N/A,no,2: Weekend Day (Sa-Su),0: All Day (12am-12am),8,1039,1039,3.5,3.5
Personal,Visitors,Trip Start,5,Highland City Library,no,N/A,no,2: Weekend Day (Sa-Su),3: Mid-Day (10am-3pm),6,1070,1070,3.6,3.6
Personal,Visitors,Trip Start,5,Highland City Library,no,N/A,no,2: Weekend Day (Sa-Su),4: Peak PM (3pm-7pm),1,871,871,2.9,2.9
Personal,Visitors,Trip Start,6,Lehi City Public Library,no,N/A,no,0: All Days (M-Su),0: All Day (12am-12am),69,1417,1469,5.0,5.3
Personal,Visitors,Trip Start,6,Lehi City Public Library,no,N/A,no,0: All Days (M-Su),2: Peak AM (6am-10am),5,1575,1673,4.0,4.4
Personal,Visitors,Trip Start,6,Lehi City Public Library,no,N/A,no,0: All Days (M-Su),3: Mid-Day (10am-3pm),32,1476,1555,6.4,6.8
Personal,Visitors,Trip Start,6,Lehi City Public Library,no,N/A,no,0: All Days (M-Su),4: Peak PM (3pm-7pm),24,1360,1381,4.0,4.0
Personal,Visitors,Trip Start,6,Lehi City Public Library,no,N/A,no,0: All Days (M-Su),5: Late PM (7pm-12am),8,1280,1285,3.9,4.0
Personal,Visitors,Trip Start,6,Lehi City Public Library,no,N/A,no,1: Weekday (M-Th),0: All Day (12am-12am),93,1381,1430,4.4,4.5
Personal,Visitors,Trip Start,6,Lehi City Public Library,no,N/A,no,1: Weekday (M-Th),2: Peak AM (6am-10am),8,1600,1701,4.1,4.6
Personal,Visitors,Trip Start,6,Lehi City Public Library,no,N/A,no,1: Weekday (M-Th),3: Mid-Day (10am-3pm),40,1377,1452,4.9,5.1
Personal,Visitors,Trip Start,6,Lehi City Public Library,no,N/A,no,1: Weekday (M-Th),4: Peak PM (3pm-7pm),31,1412,1432,4.1,4.1
Personal,Visitors,Trip Start,6,Lehi City Public Library,no,N/A,no,1: Weekday (M-Th),5: Late PM (7pm-12am),13,1200,1207,3.8,3.9
Personal,Visitors,Trip Start,6,Lehi City Public Library,no,N/A,no,2: Weekend Day (Sa-Su),0: All Day (12am-12am),24,1417,1557,5.4,7.0
Personal,Visitors,Trip Start,6,Lehi City Public Library,no,N/A,no,2: Weekend Day (Sa-Su),2: Peak AM (6am-10am),1,924,924,1.2,1.2
Personal,Visitors,Trip Start,6,Lehi City Public Library,no,N/A,no,2: Weekend Day (Sa-Su),3: Mid-Day (10am-3pm),12,1531,1759,5.9,8.9
Personal,Visitors,Trip Start,6,Lehi City Public Library,no,N/A,no,2: Weekend Day (Sa-Su),4: Peak PM (3pm-7pm),9,1232,1287,5.2,5.4
Personal,Visitors,Trip Start,6,Lehi City Public Library,no,N/A,no,2: Weekend Day (Sa-Su),5: Late PM (7pm-12am),2,1811,1811,4.3,4.3
Personal,Visitors,Trip Start,7,Orem Public Library,no,N/A,no,0: All Days (M-Su),0: All Day (12am-12am),103,1643,1753,4.5,4.8
Personal,Visitors,Trip Start,7,Orem Public Library,no,N/A,no,0: All Days (M-Su),2: Peak AM (6am-10am),4,1862,1961,6.1,6.4
Personal,Visitors,Trip Start,7,Orem Public Library,no,N/A,no,0: All Days (M-Su),3: Mid-Day (10am-3pm),40,1718,1826,4.4,4.8
Personal,Visitors,Trip Start,7,Orem Public Library,no,N/A,no,0: All Days (M-Su),4: Peak PM (3pm-7pm),36,1611,1768,4.2,4.7
Personal,Visitors,Trip Start,7,Orem Public Library,no,N/A,no,0: All Days (M-Su),5: Late PM (7pm-12am),23,1525,1559,4.6,4.6
Personal,Visitors,Trip Start,7,Orem Public Library,no,N/A,no,1: Weekday (M-Th),0: All Day (12am-12am),123,1657,1804,4.6,5.0
Personal,Visitors,Trip Start,7,Orem Public Library,no,N/A,no,1: Weekday (M-Th),2: Peak AM (6am-10am),6,1959,2067,7.6,7.7
Personal,Visitors,Trip Start,7,Orem Public Library,no,N/A,no,1: Weekday (M-Th),3: Mid-Day (10am-3pm),49,1859,1988,5.0,5.5
Personal,Visitors,Trip Start,7,Orem Public Library,no,N/A,no,1: Weekday (M-Th),4: Peak PM (3pm-7pm),38,1480,1732,3.5,4.3
Personal,Visitors,Trip Start,7,Orem Public Library,no,N/A,no,1: Weekday (M-Th),5: Late PM (7pm-12am),30,1497,1543,4.7,4.7
Personal,Visitors,Trip Start,7,Orem Public Library,no,N/A,no,2: Weekend Day (Sa-Su),0: All Day (12am-12am),57,1523,1579,3.9,4.1
Personal,Visitors,Trip Start,7,Orem Public Library,no,N/A,no,2: Weekend Day (Sa-Su),2: Peak AM (6am-10am),3,1573,1573,1.5,1.5
Personal,Visitors,Trip Start,7,Orem Public Library,no,N/A,no,2: Weekend Day (Sa-Su),3: Mid-Day (10am-3pm),26,1385,1470,2.8,2.9
Personal,Visitors,Trip Start,7,Orem Public Library,no,N/A,no,2: Weekend Day (Sa-Su),4: Peak PM (3pm-7pm),25,1747,1788,5.5,5.8
Personal,Visitors,Trip Start,7,Orem Public Library,no,N/A,no,2: Weekend Day (Sa-Su),5: Late PM (7pm-12am),3,846,846,2.7,2.7
Personal,Visitors,Trip Start,8,Payson City Library,no,N/A,no,0: All Days (M-Su),0: All Day (12am-12am),26,1159,1333,2.6,3.7
Personal,Visitors,Trip Start,8,Payson City Library,no,N/A,no,0: All Days (M-Su),1: Early AM (12am-6am),0,275,275,0.4,0.4
Personal,Visitors,Trip Start,8,Payson City Library,no,N/A,no,0: All Days (M-Su),2: Peak AM (6am-10am),1,1046,2905,2.3,20.8
Personal,Visitors,Trip Start,8,Payson City Library,no,N/A,no,0: All Days (M-Su),3: Mid-Day (10am-3pm),10,1007,1079,2.1,2.7
Personal,Visitors,Trip Start,8,Payson City Library,no,N/A,no,0: All Days (M-Su),4: Peak PM (3pm-7pm),10,1410,1531,3.1,3.4
Personal,Visitors,Trip Start,8,Payson City Library,no,N/A,no,0: All Days (M-Su),5: Late PM (7pm-12am),4,1000,1175,2.5,3.2
Personal,Visitors,Trip Start,8,Payson City Library,no,N/A,no,1: Weekday (M-Th),0: All Day (12am-12am),33,1104,1264,2.7,3.8
Personal,Visitors,Trip Start,8,Payson City Library,no,N/A,no,1: Weekday (M-Th),2: Peak AM (6am-10am),2,1046,2905,2.3,20.8
Personal,Visitors,Trip Start,8,Payson City Library,no,N/A,no,1: Weekday (M-Th),3: Mid-Day (10am-3pm),11,893,893,1.9,1.9
Personal,Visitors,Trip Start,8,Payson City Library,no,N/A,no,1: Weekday (M-Th),4: Peak PM (3pm-7pm),15,1290,1340,3.4,3.4
Personal,Visitors,Trip Start,8,Payson City Library,no,N/A,no,1: Weekday (M-Th),5: Late PM (7pm-12am),5,1053,1282,2.6,3.4
Personal,Visitors,Trip Start,8,Payson City Library,no,N/A,no,2: Weekend Day (Sa-Su),0: All Day (12am-12am),11,1577,1613,2.0,3.7
Personal,Visitors,Trip Start,8,Payson City Library,no,N/A,no,2: Weekend Day (Sa-Su),3: Mid-Day (10am-3pm),9,1046,1142,2.1,4.0
Personal,Visitors,Trip Start,8,Payson City Library,no,N/A,no,2: Weekend Day (Sa-Su),4: Peak PM (3pm-7pm),2,3969,3969,1.9,1.9
Personal,Visitors,Trip Start,9,Pleasant Grove Public Library,no,N/A,no,0: All Days (M-Su),0: All Day (12am-12am),19,1214,1286,3.3,3.6
Personal,Visitors,Trip Start,9,Pleasant Grove Public Library,no,N/A,no,0: All Days (M-Su),2: Peak AM (6am-10am),0,680,680,2.7,2.7
Personal,Visitors,Trip Start,9,Pleasant Grove Public Library,no,N/A,no,0: All Days (M-Su),3: Mid-Day (10am-3pm),7,1368,1437,3.4,3.9
Personal,Visitors,Trip Start,9,Pleasant Grove Public Library,no,N/A,no,0: All Days (M-Su),4: Peak PM (3pm-7pm),6,1110,1254,2.8,3.2
Personal,Visitors,Trip Start,9,Pleasant Grove Public Library,no,N/A,no,0: All Days (M-Su),5: Late PM (7pm-12am),5,1151,1151,3.8,3.8
Personal,Visitors,Trip Start,9,Pleasant Grove Public Library,no,N/A,no,1: Weekday (M-Th),0: All Day (12am-12am),23,1270,1327,3.2,3.4
Personal,Visitors,Trip Start,9,Pleasant Grove Public Library,no,N/A,no,1: Weekday (M-Th),2: Peak AM (6am-10am),0,680,680,2.7,2.7
Personal,Visitors,Trip Start,9,Pleasant Grove Public Library,no,N/A,no,1: Weekday (M-Th),3: Mid-Day (10am-3pm),9,1489,1489,3.6,3.6
Personal,Visitors,Trip Start,9,Pleasant Grove Public Library,no,N/A,no,1: Weekday (M-Th),4: Peak PM (3pm-7pm),7,1227,1430,3.0,3.7
Personal,Visitors,Trip Start,9,Pleasant Grove Public Library,no,N/A,no,1: Weekday (M-Th),5: Late PM (7pm-12am),7,1060,1060,2.8,2.8
Personal,Visitors,Trip Start,9,Pleasant Grove Public Library,no,N/A,no,2: Weekend Day (Sa-Su),0: All Day (12am-12am),10,1012,1154,2.0,2.6
Personal,Visitors,Trip Start,9,Pleasant Grove Public Library,no,N/A,no,2: Weekend Day (Sa-Su),3: Mid-Day (10am-3pm),4,987,1389,1.2,3.1
Personal,Visitors,Trip Start,9,Pleasant Grove Public Library,no,N/A,no,2: Weekend Day (Sa-Su),4: Peak PM (3pm-7pm),5,985,985,2.5,2.5
Personal,Visitors,Trip Start,9,Pleasant Grove Public Library,no,N/A,no,2: Weekend Day (Sa-Su),5: Late PM (7pm-12am),1,1159,1159,2.0,2.0
Personal,Visitors,Trip End,1,American Fork Library,no,N/A,no,0: All Days (M-Su),0: All Day (12am-12am),68,1490,1504,5.2,5.3
Personal,Visitors,Trip End,1,American Fork Library,no,N/A,no,0: All Days (M-Su),2: Peak AM (6am-10am),3,1387,1387,6.2,6.2
Personal,Visitors,Trip End,1,American Fork Library,no,N/A,no,0: All Days (M-Su),3: Mid-Day (10am-3pm),27,1615,1647,5.7,5.8
Personal,Visitors,Trip End,1,American Fork Library,no,N/A,no,0: All Days (M-Su),4: Peak PM (3pm-7pm),32,1421,1421,5.0,5.0
Personal,Visitors,Trip End,1,American Fork Library,no,N/A,no,0: All Days (M-Su),5: Late PM (7pm-12am),5,1341,1341,3.5,3.5
Personal,Visitors,Trip End,1,American Fork Library,no,N/A,no,1: Weekday (M-Th),0: All Day (12am-12am),90,1414,1433,4.6,4.7
Personal,Visitors,Trip End,1,American Fork Library,no,N/A,no,1: Weekday (M-Th),2: Peak AM (6am-10am),6,1387,1387,6.2,6.2
Personal,Visitors,Trip End,1,American Fork Library,no,N/A,no,1: Weekday (M-Th),3: Mid-Day (10am-3pm),29,1461,1519,4.3,4.5
Personal,Visitors,Trip End,1,American Fork Library,no,N/A,no,1: Weekday (M-Th),4: Peak PM (3pm-7pm),47,1405,1405,4.8,4.8
Personal,Visitors,Trip End,1,American Fork Library,no,N/A,no,1: Weekday (M-Th),5: Late PM (7pm-12am),8,1321,1321,3.4,3.4
Personal,Visitors,Trip End,1,American Fork Library,no,N/A,no,2: Weekend Day (Sa-Su),0: All Day (12am-12am),29,1847,1847,7.1,7.1
Personal,Visitors,Trip End,1,American Fork Library,no,N/A,no,2: Weekend Day (Sa-Su),3: Mid-Day (10am-3pm),20,2017,2017,8.2,8.2
Personal,Visitors,Trip End,1,American Fork Library,no,N/A,no,2: Weekend Day (Sa-Su),4: Peak PM (3pm-7pm),8,1478,1478,5.0,5.0
Personal,Visitors,Trip End,1,American Fork Library,no,N/A,no,2: Weekend Day (Sa-Su),5: Late PM (7pm-12am),2,1551,1551,4.2,4.2
Personal,Visitors,Trip End,10,Provo City Library,no,N/A,no,0: All Days (M-Su),0: All Day (12am-12am),499,1559,1609,5.7,5.8
Personal,Visitors,Trip End,10,Provo City Library,no,N/A,no,0: All Days (M-Su),1: Early AM (12am-6am),3,1191,1567,2.5,3.7
Personal,Visitors,Trip End,10,Provo City Library,no,N/A,no,0: All Days (M-Su),2: Peak AM (6am-10am),49,1614,1695,7.6,7.9
Personal,Visitors,Trip End,10,Provo City Library,no,N/A,no,0: All Days (M-Su),3: Mid-Day (10am-3pm),174,1536,1585,5.0,5.2
Personal,Visitors,Trip End,10,Provo City Library,no,N/A,no,0: All Days (M-Su),4: Peak PM (3pm-7pm),189,1618,1656,5.9,6.1
Personal,Visitors,Trip End,10,Provo City Library,no,N/A,no,0: All Days (M-Su),5: Late PM (7pm-12am),85,1457,1505,5.4,5.6
Personal,Visitors,Trip End,10,Provo City Library,no,N/A,no,1: Weekday (M-Th),0: All Day (12am-12am),593,1536,1589,5.3,5.5
Personal,Visitors,Trip End,10,Provo City Library,no,N/A,no,1: Weekday (M-Th),1: Early AM (12am-6am),3,1285,1859,2.1,3.9
Personal,Visitors,Trip End,10,Provo City Library,no,N/A,no,1: Weekday (M-Th),2: Peak AM (6am-10am),67,1444,1537,5.3,5.7
Personal,Visitors,Trip End,10,Provo City Library,no,N/A,no,1: Weekday (M-Th),3: Mid-Day (10am-3pm),204,1525,1576,5.0,5.2
Personal,Visitors,Trip End,10,Provo City Library,no,N/A,no,1: Weekday (M-Th),4: Peak PM (3pm-7pm),226,1612,1646,5.7,5.7
Personal,Visitors,Trip End,10,Provo City Library,no,N/A,no,1: Weekday (M-Th),5: Late PM (7pm-12am),92,1450,1504,5.1,5.4
Personal,Visitors,Trip End,10,Provo City Library,no,N/A,no,2: Weekend Day (Sa-Su),0: All Day (12am-12am),286,1731,1753,7.5,7.6
Personal,Visitors,Trip End,10,Provo City Library,no,N/A,no,2: Weekend Day (Sa-Su),1: Early AM (12am-6am),3,1042,1042,3.2,3.2
Personal,Visitors,Trip End,10,Provo City Library,no,N/A,no,2: Weekend Day (Sa-Su),2: Peak AM (6am-10am),22,2255,2280,16.2,15.9
Personal,Visitors,Trip End,10,Provo City Library,no,N/A,no,2: Weekend Day (Sa-Su),3: Mid-Day (10am-3pm),108,1772,1789,6.3,6.4
Personal,Visitors,Trip End,10,Provo City Library,no,N/A,no,2: Weekend Day (Sa-Su),4: Peak PM (3pm-7pm),100,1707,1735,7.5,7.7
Personal,Visitors,Trip End,10,Provo City Library,no,N/A,no,2: Weekend Day (Sa-Su),5: Late PM (7pm-12am),53,1515,1540,6.8,6.8
Personal,Visitors,Trip End,11,Salem City Library,no,N/A,no,0: All Days (M-Su),0: All Day (12am-12am),8,1263,1302,3.8,3.9
Personal,Visitors,Trip End,11,Salem City Library,no,N/A,no,0: All Days (M-Su),3: Mid-Day (10am-3pm),4,1287,1289,4.2,4.3
Personal,Visitors,Trip End,11,Salem City Library,no,N/A,no,0: All Days (M-Su),4: Peak PM (3pm-7pm),4,1285,1362,3.5,3.7
Personal,Visitors,Trip End,11,Salem City Library,no,N/A,no,0: All Days (M-Su),5: Late PM (7pm-12am),0,297,297,1.2,1.2
Personal,Visitors,Trip End,11,Salem City Library,no,N/A,no,1: Weekday (M-Th),0: All Day (12am-12am),12,1225,1272,3.2,3.3
Personal,Visitors,Trip End,11,Salem City Library,no,N/A,no,1: Weekday (M-Th),3: Mid-Day (10am-3pm),5,1217,1217,3.1,3.1
Personal,Visitors,Trip End,11,Salem City Library,no,N/A,no,1: Weekday (M-Th),4: Peak PM (3pm-7pm),6,1283,1367,3.4,3.7
Personal,Visitors,Trip End,11,Salem City Library,no,N/A,no,1: Weekday (M-Th),5: Late PM (7pm-12am),0,297,297,1.2,1.2
Personal,Visitors,Trip End,12,Santaquin City Library,no,N/A,no,0: All Days (M-Su),0: All Day (12am-12am),16,1446,1481,9.5,9.7
Personal,Visitors,Trip End,12,Santaquin City Library,no,N/A,no,0: All Days (M-Su),2: Peak AM (6am-10am),4,961,1043,2.3,2.7
Personal,Visitors,Trip End,12,Santaquin City Library,no,N/A,no,0: All Days (M-Su),3: Mid-Day (10am-3pm),3,2339,2339,25.4,25.4
Personal,Visitors,Trip End,12,Santaquin City Library,no,N/A,no,0: All Days (M-Su),4: Peak PM (3pm-7pm),8,1370,1422,7.4,7.9
Personal,Visitors,Trip End,12,Santaquin City Library,no,N/A,no,0: All Days (M-Su),5: Late PM (7pm-12am),2,968,968,1.3,1.3
Personal,Visitors,Trip End,12,Santaquin City Library,no,N/A,no,1: Weekday (M-Th),0: All Day (12am-12am),21,1226,1261,5.0,5.4
Personal,Visitors,Trip End,12,Santaquin City Library,no,N/A,no,1: Weekday (M-Th),2: Peak AM (6am-10am),4,1095,1095,3.0,3.0
Personal,Visitors,Trip End,12,Santaquin City Library,no,N/A,no,1: Weekday (M-Th),3: Mid-Day (10am-3pm),4,1235,1235,5.5,5.5
Personal,Visitors,Trip End,12,Santaquin City Library,no,N/A,no,1: Weekday (M-Th),4: Peak PM (3pm-7pm),10,1346,1414,6.6,7.3
Personal,Visitors,Trip End,12,Santaquin City Library,no,N/A,no,1: Weekday (M-Th),5: Late PM (7pm-12am),3,968,968,1.3,1.3
Personal,Visitors,Trip End,12,Santaquin City Library,no,N/A,no,2: Weekend Day (Sa-Su),0: All Day (12am-12am),4,877,877,2.1,2.1
Personal,Visitors,Trip End,12,Santaquin City Library,no,N/A,no,2: Weekend Day (Sa-Su),3: Mid-Day (10am-3pm),2,680,680,1.6,1.6
Personal,Visitors,Trip End,12,Santaquin City Library,no,N/A,no,2: Weekend Day (Sa-Su),4: Peak PM (3pm-7pm),3,1008,1008,2.5,2.5
Personal,Visitors,Trip End,13,Saratoga Springs Library,no,N/A,no,0: All Days (M-Su),0: All Day (12am-12am),47,1514,1556,6.8,6.9
Personal,Visitors,Trip End,13,Saratoga Springs Library,no,N/A,no,0: All Days (M-Su),1: Early AM (12am-6am),1,863,1652,3.2,5.3
Personal,Visitors,Trip End,13,Saratoga Springs Library,no,N/A,no,0: All Days (M-Su),2: Peak AM (6am-10am),5,1638,1638,8.0,8.0
Personal,Visitors,Trip End,13,Saratoga Springs Library,no,N/A,no,0: All Days (M-Su),3: Mid-Day (10am-3pm),19,1566,1581,7.5,7.7
Personal,Visitors,Trip End,13,Saratoga Springs Library,no,N/A,no,0: All Days (M-Su),4: Peak PM (3pm-7pm),16,1548,1566,6.5,6.5
Personal,Visitors,Trip End,13,Saratoga Springs Library,no,N/A,no,0: All Days (M-Su),5: Late PM (7pm-12am),5,1176,1304,3.8,4.4
Personal,Visitors,Trip End,13,Saratoga Springs Library,no,N/A,no,1: Weekday (M-Th),0: All Day (12am-12am),59,1571,1598,7.3,7.3
Personal,Visitors,Trip End,13,Saratoga Springs Library,no,N/A,no,1: Weekday (M-Th),1: Early AM (12am-6am),1,1059,2835,3.7,8.4
Personal,Visitors,Trip End,13,Saratoga Springs Library,no,N/A,no,1: Weekday (M-Th),2: Peak AM (6am-10am),4,1604,1604,8.5,8.5
Personal,Visitors,Trip End,13,Saratoga Springs Library,no,N/A,no,1: Weekday (M-Th),3: Mid-Day (10am-3pm),24,1706,1692,8.5,8.3
Personal,Visitors,Trip End,13,Saratoga Springs Library,no,N/A,no,1: Weekday (M-Th),4: Peak PM (3pm-7pm),24,1537,1559,7.0,7.1
Personal,Visitors,Trip End,13,Saratoga Springs Library,no,N/A,no,1: Weekday (M-Th),5: Late PM (7pm-12am),7,1236,1239,3.7,3.7
Personal,Visitors,Trip End,13,Saratoga Springs Library,no,N/A,no,2: Weekend Day (Sa-Su),0: All Day (12am-12am),14,1125,1125,3.0,3.0
Personal,Visitors,Trip End,13,Saratoga Springs Library,no,N/A,no,2: Weekend Day (Sa-Su),1: Early AM (12am-6am),1,1086,1086,3.2,3.2
Personal,Visitors,Trip End,13,Saratoga Springs Library,no,N/A,no,2: Weekend Day (Sa-Su),3: Mid-Day (10am-3pm),7,1332,1332,2.6,2.6
Personal,Visitors,Trip End,13,Saratoga Springs Library,no,N/A,no,2: Weekend Day (Sa-Su),4: Peak PM (3pm-7pm),4,854,854,2.7,2.7
Personal,Visitors,Trip End,13,Saratoga Springs Library,no,N/A,no,2: Weekend Day (Sa-Su),5: Late PM (7pm-12am),2,956,956,5.0,5.0
Personal,Visitors,Trip End,14,Spanish Fork Public Library,no,N/A,no,0: All Days (M-Su),0: All Day (12am-12am),36,1425,1468,4.6,4.8
Personal,Visitors,Trip End,14,Spanish Fork Public Library,no,N/A,no,0: All Days (M-Su),2: Peak AM (6am-10am),0,1911,1911,4.8,4.8
Personal,Visitors,Trip End,14,Spanish Fork Public Library,no,N/A,no,0: All Days (M-Su),3: Mid-Day (10am-3pm),13,1420,1517,3.3,3.7
Personal,Visitors,Trip End,14,Spanish Fork Public Library,no,N/A,no,0: All Days (M-Su),4: Peak PM (3pm-7pm),21,1387,1401,4.3,4.5
Personal,Visitors,Trip End,14,Spanish Fork Public Library,no,N/A,no,0: All Days (M-Su),5: Late PM (7pm-12am),2,1808,1808,14.5,14.5
Personal,Visitors,Trip End,14,Spanish Fork Public Library,no,N/A,no,1: Weekday (M-Th),0: All Day (12am-12am),44,1342,1409,4.5,4.9
Personal,Visitors,Trip End,14,Spanish Fork Public Library,no,N/A,no,1: Weekday (M-Th),3: Mid-Day (10am-3pm),17,1324,1469,3.0,3.6
Personal,Visitors,Trip End,14,Spanish Fork Public Library,no,N/A,no,1: Weekday (M-Th),4: Peak PM (3pm-7pm),24,1289,1314,4.2,4.5
Personal,Visitors,Trip End,14,Spanish Fork Public Library,no,N/A,no,1: Weekday (M-Th),5: Late PM (7pm-12am),3,1819,1819,14.5,14.5
Personal,Visitors,Trip End,14,Spanish Fork Public Library,no,N/A,no,2: Weekend Day (Sa-Su),0: All Day (12am-12am),20,1703,1703,4.7,4.7
Personal,Visitors,Trip End,14,Spanish Fork Public Library,no,N/A,no,2: Weekend Day (Sa-Su),2: Peak AM (6am-10am),1,1911,1911,4.8,4.8
Personal,Visitors,Trip End,14,Spanish Fork Public Library,no,N/A,no,2: Weekend Day (Sa-Su),3: Mid-Day (10am-3pm),6,1510,1510,2.4,2.4
Personal,Visitors,Trip End,14,Spanish Fork Public Library,no,N/A,no,2: Weekend Day (Sa-Su),4: Peak PM (3pm-7pm),14,1767,1767,5.6,5.6
Personal,Visitors,Trip End,15,Springville Public Library,no,N/A,no,0: All Days (M-Su),0: All Day (12am-12am),100,1452,1553,4.4,4.7
Personal,Visitors,Trip End,15,Springville Public Library,no,N/A,no,0: All Days (M-Su),1: Early AM (12am-6am),0,0,2197,0,19.2
Personal,Visitors,Trip End,15,Springville Public Library,no,N/A,no,0: All Days (M-Su),2: Peak AM (6am-10am),0,2066,2311,8.0,7.5
Personal,Visitors,Trip End,15,Springville Public Library,no,N/A,no,0: All Days (M-Su),3: Mid-Day (10am-3pm),39,1390,1473,3.8,4.2
Personal,Visitors,Trip End,15,Springville Public Library,no,N/A,no,0: All Days (M-Su),4: Peak PM (3pm-7pm),47,1468,1546,4.5,4.6
Personal,Visitors,Trip End,15,Springville Public Library,no,N/A,no,0: All Days (M-Su),5: Late PM (7pm-12am),13,1575,1781,5.5,5.8
Personal,Visitors,Trip End,15,Springville Public Library,no,N/A,no,1: Weekday (M-Th),0: All Day (12am-12am),126,1472,1566,4.3,4.6
Personal,Visitors,Trip End,15,Springville Public Library,no,N/A,no,1: Weekday (M-Th),1: Early AM (12am-6am),0,0,2197,0,19.2
Personal,Visitors,Trip End,15,Springville Public Library,no,N/A,no,1: Weekday (M-Th),3: Mid-Day (10am-3pm),36,1409,1452,4.1,4.5
Personal,Visitors,Trip End,15,Springville Public Library,no,N/A,no,1: Weekday (M-Th),4: Peak PM (3pm-7pm),69,1491,1582,4.3,4.5
Personal,Visitors,Trip End,15,Springville Public Library,no,N/A,no,1: Weekday (M-Th),5: Late PM (7pm-12am),21,1519,1699,4.9,5.2
Personal,Visitors,Trip End,15,Springville Public Library,no,N/A,no,2: Weekend Day (Sa-Su),0: All Day (12am-12am),45,1351,1501,4.0,4.3
Personal,Visitors,Trip End,15,Springville Public Library,no,N/A,no,2: Weekend Day (Sa-Su),2: Peak AM (6am-10am),1,0,2555,0,6.9
Personal,Visitors,Trip End,15,Springville Public Library,no,N/A,no,2: Weekend Day (Sa-Su),3: Mid-Day (10am-3pm),39,1404,1550,3.6,4.0
Personal,Visitors,Trip End,15,Springville Public Library,no,N/A,no,2: Weekend Day (Sa-Su),4: Peak PM (3pm-7pm),6,1008,1008,6.1,6.1
Personal,Visitors,Trip End,16,Utah County Bookmobile Library,no,N/A,no,0: All Days (M-Su),0: All Day (12am-12am),N/A,361,4182,0.7,26.3
Personal,Visitors,Trip End,16,Utah County Bookmobile Library,no,N/A,no,0: All Days (M-Su),2: Peak AM (6am-10am),N/A,0,8003,0,51.9
Personal,Visitors,Trip End,16,Utah County Bookmobile Library,no,N/A,no,0: All Days (M-Su),3: Mid-Day (10am-3pm),N/A,361,361,0.7,0.7
Personal,Visitors,Trip End,16,Utah County Bookmobile Library,no,N/A,no,2: Weekend Day (Sa-Su),0: All Day (12am-12am),N/A,361,361,0.7,0.7
Personal,Visitors,Trip End,16,Utah County Bookmobile Library,no,N/A,no,2: Weekend Day (Sa-Su),3: Mid-Day (10am-3pm),N/A,361,361,0.7,0.7
Personal,Visitors,Trip End,17,Utah State Hospital Patient Library,no,N/A,no,0: All Days (M-Su),0: All Day (12am-12am),73,1794,1803,10.1,10.1
Personal,Visitors,Trip End,17,Utah State Hospital Patient Library,no,N/A,no,0: All Days (M-Su),1: Early AM (12am-6am),2,1377,1377,7.7,7.7
Personal,Visitors,Trip End,17,Utah State Hospital Patient Library,no,N/A,no,0: All Days (M-Su),2: Peak AM (6am-10am),16,1161,1161,5.5,5.5
Personal,Visitors,Trip End,17,Utah State Hospital Patient Library,no,N/A,no,0: All Days (M-Su),3: Mid-Day (10am-3pm),23,1782,1804,10.6,10.4
Personal,Visitors,Trip End,17,Utah State Hospital Patient Library,no,N/A,no,0: All Days (M-Su),4: Peak PM (3pm-7pm),17,2604,2595,14.7,14.5
Personal,Visitors,Trip End,17,Utah State Hospital Patient Library,no,N/A,no,0: All Days (M-Su),5: Late PM (7pm-12am),14,1647,1649,9.8,9.9
Personal,Visitors,Trip End,17,Utah State Hospital Patient Library,no,N/A,no,1: Weekday (M-Th),0: All Day (12am-12am),71,1806,1813,10.2,10.1
Personal,Visitors,Trip End,17,Utah State Hospital Patient Library,no,N/A,no,1: Weekday (M-Th),1: Early AM (12am-6am),3,1558,1558,9.3,9.3
Personal,Visitors,Trip End,17,Utah State Hospital Patient Library,no,N/A,no,1: Weekday (M-Th),2: Peak AM (6am-10am),19,1252,1252,6.0,6.0
Personal,Visitors,Trip End,17,Utah State Hospital Patient Library,no,N/A,no,1: Weekday (M-Th),3: Mid-Day (10am-3pm),19,1892,1913,12.3,11.9
Personal,Visitors,Trip End,17,Utah State Hospital Patient Library,no,N/A,no,1: Weekday (M-Th),4: Peak PM (3pm-7pm),18,2484,2474,12.6,12.3
Personal,Visitors,Trip End,17,Utah State Hospital Patient Library,no,N/A,no,1: Weekday (M-Th),5: Late PM (7pm-12am),12,1603,1583,10.5,10.4
Personal,Visitors,Trip End,17,Utah State Hospital Patient Library,no,N/A,no,2: Weekend Day (Sa-Su),0: All Day (12am-12am),84,1900,1913,11.7,11.7
Personal,Visitors,Trip End,17,Utah State Hospital Patient Library,no,N/A,no,2: Weekend Day (Sa-Su),1: Early AM (12am-6am),1,980,980,3.1,3.1
Personal,Visitors,Trip End,17,Utah State Hospital Patient Library,no,N/A,no,2: Weekend Day (Sa-Su),2: Peak AM (6am-10am),13,1064,1064,6.0,6.0
Personal,Visitors,Trip End,17,Utah State Hospital Patient Library,no,N/A,no,2: Weekend Day (Sa-Su),3: Mid-Day (10am-3pm),33,1821,1844,10.7,10.6
Personal,Visitors,Trip End,17,Utah State Hospital Patient Library,no,N/A,no,2: Weekend Day (Sa-Su),4: Peak PM (3pm-7pm),17,3058,3058,21.0,21.0
Personal,Visitors,Trip End,17,Utah State Hospital Patient Library,no,N/A,no,2: Weekend Day (Sa-Su),5: Late PM (7pm-12am),22,1634,1664,9.5,9.9
Personal,Visitors,Trip End,18,Utah Valley University Library,no,N/A,no,0: All Days (M-Su),0: All Day (12am-12am),243,1822,1850,7.5,7.5
Personal,Visitors,Trip End,18,Utah Valley University Library,no,N/A,no,0: All Days (M-Su),2: Peak AM (6am-10am),71,1974,1975,9.2,9.1
Personal,Visitors,Trip End,18,Utah Valley University Library,no,N/A,no,0: All Days (M-Su),3: Mid-Day (10am-3pm),74,1704,1721,6.3,6.3
Personal,Visitors,Trip End,18,Utah Valley University Library,no,N/A,no,0: All Days (M-Su),4: Peak PM (3pm-7pm),66,1829,1877,7.0,7.1
Personal,Visitors,Trip End,18,Utah Valley University Library,no,N/A,no,0: All Days (M-Su),5: Late PM (7pm-12am),32,1735,1814,7.6,7.7
Personal,Visitors,Trip End,18,Utah Valley University Library,no,N/A,no,1: Weekday (M-Th),0: All Day (12am-12am),321,1840,1869,7.6,7.6
Personal,Visitors,Trip End,18,Utah Valley University Library,no,N/A,no,1: Weekday (M-Th),2: Peak AM (6am-10am),93,1993,1995,9.6,9.5
Personal,Visitors,Trip End,18,Utah Valley University Library,no,N/A,no,1: Weekday (M-Th),3: Mid-Day (10am-3pm),93,1745,1758,6.5,6.5
Personal,Visitors,Trip End,18,Utah Valley University Library,no,N/A,no,1: Weekday (M-Th),4: Peak PM (3pm-7pm),87,1854,1895,6.7,6.8
Personal,Visitors,Trip End,18,Utah Valley University Library,no,N/A,no,1: Weekday (M-Th),5: Late PM (7pm-12am),47,1695,1790,7.2,7.3
Personal,Visitors,Trip End,18,Utah Valley University Library,no,N/A,no,2: Weekend Day (Sa-Su),0: All Day (12am-12am),77,1593,1633,6.2,6.5
Personal,Visitors,Trip End,18,Utah Valley University Library,no,N/A,no,2: Weekend Day (Sa-Su),2: Peak AM (6am-10am),8,1438,1481,6.9,7.0
Personal,Visitors,Trip End,18,Utah Valley University Library,no,N/A,no,2: Weekend Day (Sa-Su),3: Mid-Day (10am-3pm),40,1603,1677,6.4,6.9
Personal,Visitors,Trip End,18,Utah Valley University Library,no,N/A,no,2: Weekend Day (Sa-Su),4: Peak PM (3pm-7pm),26,1585,1585,5.6,5.6
Personal,Visitors,Trip End,18,Utah Valley University Library,no,N/A,no,2: Weekend Day (Sa-Su),5: Late PM (7pm-12am),4,1857,1857,7.8,7.8
Personal,Visitors,Trip End,19,Utah Valley University Library - Fire Science Campus (Provo Airport),no,N/A,no,0: All Days (M-Su),0: All Day (12am-12am),60,1977,1982,15.6,15.7
Personal,Visitors,Trip End,19,Utah Valley University Library - Fire Science Campus (Provo Airport),no,N/A,no,0: All Days (M-Su),1: Early AM (12am-6am),0,687,687,5.8,5.8
Personal,Visitors,Trip End,19,Utah Valley University Library - Fire Science Campus (Provo Airport),no,N/A,no,0: All Days (M-Su),2: Peak AM (6am-10am),17,2420,2420,24.4,24.4
Personal,Visitors,Trip End,19,Utah Valley University Library - Fire Science Campus (Provo Airport),no,N/A,no,0: All Days (M-Su),3: Mid-Day (10am-3pm),26,1722,1722,12.0,12.0
Personal,Visitors,Trip End,19,Utah Valley University Library - Fire Science Campus (Provo Airport),no,N/A,no,0: All Days (M-Su),4: Peak PM (3pm-7pm),17,1965,1976,12.5,12.7
Personal,Visitors,Trip End,19,Utah Valley University Library - Fire Science Campus (Provo Airport),no,N/A,no,0: All Days (M-Su),5: Late PM (7pm-12am),0,445,1440,3.6,14.4
Personal,Visitors,Trip End,19,Utah Valley University Library - Fire Science Campus (Provo Airport),no,N/A,no,1: Weekday (M-Th),0: All Day (12am-12am),92,2012,2017,16.1,16.1
Personal,Visitors,Trip End,19,Utah Valley University Library - Fire Science Campus (Provo Airport),no,N/A,no,1: Weekday (M-Th),1: Early AM (12am-6am),0,687,687,5.8,5.8
Personal,Visitors,Trip End,19,Utah Valley University Library - Fire Science Campus (Provo Airport),no,N/A,no,1: Weekday (M-Th),2: Peak AM (6am-10am),25,2546,2546,26.1,26.1
Personal,Visitors,Trip End,19,Utah Valley University Library - Fire Science Campus (Provo Airport),no,N/A,no,1: Weekday (M-Th),3: Mid-Day (10am-3pm),41,1714,1714,12.1,12.1
Personal,Visitors,Trip End,19,Utah Valley University Library - Fire Science Campus (Provo Airport),no,N/A,no,1: Weekday (M-Th),4: Peak PM (3pm-7pm),25,2018,2031,12.9,13.1
Personal,Visitors,Trip End,19,Utah Valley University Library - Fire Science Campus (Provo Airport),no,N/A,no,1: Weekday (M-Th),5: Late PM (7pm-12am),1,445,1440,3.6,14.4
Personal,Visitors,Trip End,19,Utah Valley University Library - Fire Science Campus (Provo Airport),no,N/A,no,2: Weekend Day (Sa-Su),0: All Day (12am-12am),6,1278,1278,7.4,7.4
Personal,Visitors,Trip End,19,Utah Valley University Library - Fire Science Campus (Provo Airport),no,N/A,no,2: Weekend Day (Sa-Su),2: Peak AM (6am-10am),3,1366,1366,8.1,8.1
Personal,Visitors,Trip End,19,Utah Valley University Library - Fire Science Campus (Provo Airport),no,N/A,no,2: Weekend Day (Sa-Su),3: Mid-Day (10am-3pm),2,1514,1514,8.7,8.7
Personal,Visitors,Trip End,19,Utah Valley University Library - Fire Science Campus (Provo Airport),no,N/A,no,2: Weekend Day (Sa-Su),4: Peak PM (3pm-7pm),1,455,455,2.0,2.0
Personal,Visitors,Trip End,2,Brigham Young University - Harold B. Lee Library,no,N/A,no,0: All Days (M-Su),0: All Day (12am-12am),391,1382,1427,2.9,3.2
Personal,Visitors,Trip End,2,Brigham Young University - Harold B. Lee Library,no,N/A,no,0: All Days (M-Su),1: Early AM (12am-6am),2,1135,1135,1.2,1.2
Personal,Visitors,Trip End,2,Brigham Young University - Harold B. Lee Library,no,N/A,no,0: All Days (M-Su),2: Peak AM (6am-10am),109,1419,1455,3.1,3.5
Personal,Visitors,Trip End,2,Brigham Young University - Harold B. Lee Library,no,N/A,no,0: All Days (M-Su),3: Mid-Day (10am-3pm),120,1314,1369,2.7,2.8
Personal,Visitors,Trip End,2,Brigham Young University - Harold B. Lee Library,no,N/A,no,0: All Days (M-Su),4: Peak PM (3pm-7pm),99,1453,1485,3.1,3.2
Personal,Visitors,Trip End,2,Brigham Young University - Harold B. Lee Library,no,N/A,no,0: All Days (M-Su),5: Late PM (7pm-12am),62,1338,1403,2.9,3.1
Personal,Visitors,Trip End,2,Brigham Young University - Harold B. Lee Library,no,N/A,no,1: Weekday (M-Th),0: All Day (12am-12am),522,1379,1419,2.8,3.0
Personal,Visitors,Trip End,2,Brigham Young University - Harold B. Lee Library,no,N/A,no,1: Weekday (M-Th),1: Early AM (12am-6am),2,1205,1205,1.4,1.4
Personal,Visitors,Trip End,2,Brigham Young University - Harold B. Lee Library,no,N/A,no,1: Weekday (M-Th),2: Peak AM (6am-10am),152,1448,1488,3.1,3.6
Personal,Visitors,Trip End,2,Brigham Young University - Harold B. Lee Library,no,N/A,no,1: Weekday (M-Th),3: Mid-Day (10am-3pm),142,1304,1341,2.4,2.5
Personal,Visitors,Trip End,2,Brigham Young University - Harold B. Lee Library,no,N/A,no,1: Weekday (M-Th),4: Peak PM (3pm-7pm),134,1418,1445,2.9,3.0
Personal,Visitors,Trip End,2,Brigham Young University - Harold B. Lee Library,no,N/A,no,1: Weekday (M-Th),5: Late PM (7pm-12am),92,1325,1391,2.7,3.0
Personal,Visitors,Trip End,2,Brigham Young University - Harold B. Lee Library,no,N/A,no,2: Weekend Day (Sa-Su),0: All Day (12am-12am),138,1322,1355,3.0,3.0
Personal,Visitors,Trip End,2,Brigham Young University - Harold B. Lee Library,no,N/A,no,2: Weekend Day (Sa-Su),2: Peak AM (6am-10am),16,1042,1042,1.2,1.2
Personal,Visitors,Trip End,2,Brigham Young University - Harold B. Lee Library,no,N/A,no,2: Weekend Day (Sa-Su),3: Mid-Day (10am-3pm),73,1300,1333,2.7,2.7
Personal,Visitors,Trip End,2,Brigham Young University - Harold B. Lee Library,no,N/A,no,2: Weekend Day (Sa-Su),4: Peak PM (3pm-7pm),35,1509,1566,4.2,4.2
Personal,Visitors,Trip End,2,Brigham Young University - Harold B. Lee Library,no,N/A,no,2: Weekend Day (Sa-Su),5: Late PM (7pm-12am),14,1288,1291,3.8,3.8
Personal,Visitors,Trip End,3,Brigham Young University - Hunter Law Library,no,N/A,no,0: All Days (M-Su),0: All Day (12am-12am),2,2316,2316,9.8,9.8
Personal,Visitors,Trip End,3,Brigham Young University - Hunter Law Library,no,N/A,no,0: All Days (M-Su),2: Peak AM (6am-10am),0,4636,4636,35.7,35.7
Personal,Visitors,Trip End,3,Brigham Young University - Hunter Law Library,no,N/A,no,0: All Days (M-Su),3: Mid-Day (10am-3pm),1,1386,1386,1.0,1.0
Personal,Visitors,Trip End,3,Brigham Young University - Hunter Law Library,no,N/A,no,0: All Days (M-Su),4: Peak PM (3pm-7pm),1,2002,2002,2.6,2.6
Personal,Visitors,Trip End,3,Brigham Young University - Hunter Law Library,no,N/A,no,0: All Days (M-Su),5: Late PM (7pm-12am),0,1321,1321,2.7,2.7
Personal,Visitors,Trip End,3,Brigham Young University - Hunter Law Library,no,N/A,no,1: Weekday (M-Th),0: All Day (12am-12am),3,2343,2343,10.4,10.4
Personal,Visitors,Trip End,3,Brigham Young University - Hunter Law Library,no,N/A,no,1: Weekday (M-Th),2: Peak AM (6am-10am),1,4807,4807,42.8,42.8
Personal,Visitors,Trip End,3,Brigham Young University - Hunter Law Library,no,N/A,no,1: Weekday (M-Th),3: Mid-Day (10am-3pm),1,1386,1386,1.0,1.0
Personal,Visitors,Trip End,3,Brigham Young University - Hunter Law Library,no,N/A,no,1: Weekday (M-Th),4: Peak PM (3pm-7pm),0,2817,2817,4.4,4.4
Personal,Visitors,Trip End,3,Brigham Young University - Hunter Law Library,no,N/A,no,1: Weekday (M-Th),5: Late PM (7pm-12am),1,1321,1321,2.7,2.7
Personal,Visitors,Trip End,3,Brigham Young University - Hunter Law Library,no,N/A,no,2: Weekend Day (Sa-Su),0: All Day (12am-12am),1,2540,2540,11.0,11.0
Personal,Visitors,Trip End,3,Brigham Young University - Hunter Law Library,no,N/A,no,2: Weekend Day (Sa-Su),2: Peak AM (6am-10am),0,4295,4295,21.6,21.6
Personal,Visitors,Trip End,3,Brigham Young University - Hunter Law Library,no,N/A,no,2: Weekend Day (Sa-Su),4: Peak PM (3pm-7pm),1,784,784,0.5,0.5
Personal,Visitors,Trip End,4,Eagle Mountain Public Library,no,N/A,no,0: All Days (M-Su),0: All Day (12am-12am),23,1692,1842,8.6,8.9
Personal,Visitors,Trip End,4,Eagle Mountain Public Library,no,N/A,no,0: All Days (M-Su),2: Peak AM (6am-10am),2,1883,1883,14.2,14.2
Personal,Visitors,Trip End,4,Eagle Mountain Public Library,no,N/A,no,0: All Days (M-Su),3: Mid-Day (10am-3pm),9,1531,1824,6.6,7.4
Personal,Visitors,Trip End,4,Eagle Mountain Public Library,no,N/A,no,0: All Days (M-Su),4: Peak PM (3pm-7pm),11,1681,1767,8.2,8.3
Personal,Visitors,Trip End,4,Eagle Mountain Public Library,no,N/A,no,0: All Days (M-Su),5: Late PM (7pm-12am),1,2820,2820,18.0,18.0
Personal,Visitors,Trip End,4,Eagle Mountain Public Library,no,N/A,no,1: Weekday (M-Th),0: All Day (12am-12am),33,1737,1918,9.1,9.5
Personal,Visitors,Trip End,4,Eagle Mountain Public Library,no,N/A,no,1: Weekday (M-Th),2: Peak AM (6am-10am),3,1968,1968,15.3,15.3
Personal,Visitors,Trip End,4,Eagle Mountain Public Library,no,N/A,no,1: Weekday (M-Th),3: Mid-Day (10am-3pm),12,1578,1966,7.0,8.0
Personal,Visitors,Trip End,4,Eagle Mountain Public Library,no,N/A,no,1: Weekday (M-Th),4: Peak PM (3pm-7pm),17,1670,1773,8.3,8.5
Personal,Visitors,Trip End,4,Eagle Mountain Public Library,no,N/A,no,1: Weekday (M-Th),5: Late PM (7pm-12am),1,3237,3237,22.1,22.1
Personal,Visitors,Trip End,4,Eagle Mountain Public Library,no,N/A,no,2: Weekend Day (Sa-Su),0: All Day (12am-12am),7,1113,1113,3.4,3.4
Personal,Visitors,Trip End,4,Eagle Mountain Public Library,no,N/A,no,2: Weekend Day (Sa-Su),3: Mid-Day (10am-3pm),4,1023,1023,3.0,3.0
Personal,Visitors,Trip End,4,Eagle Mountain Public Library,no,N/A,no,2: Weekend Day (Sa-Su),4: Peak PM (3pm-7pm),3,1216,1216,4.5,4.5
Personal,Visitors,Trip End,4,Eagle Mountain Public Library,no,N/A,no,2: Weekend Day (Sa-Su),5: Late PM (7pm-12am),1,1151,1151,1.6,1.6
Personal,Visitors,Trip End,5,Highland City Library,no,N/A,no,0: All Days (M-Su),0: All Day (12am-12am),28,1306,1393,5.3,5.6
Personal,Visitors,Trip End,5,Highland City Library,no,N/A,no,0: All Days (M-Su),2: Peak AM (6am-10am),2,1385,1596,7.2,7.6
Personal,Visitors,Trip End,5,Highland City Library,no,N/A,no,0: All Days (M-Su),3: Mid-Day (10am-3pm),12,1166,1177,4.6,4.7
Personal,Visitors,Trip End,5,Highland City Library,no,N/A,no,0: All Days (M-Su),4: Peak PM (3pm-7pm),12,1448,1601,6.1,6.5
Personal,Visitors,Trip End,5,Highland City Library,no,N/A,no,0: All Days (M-Su),5: Late PM (7pm-12am),2,1299,1299,4.7,4.7
Personal,Visitors,Trip End,5,Highland City Library,no,N/A,no,1: Weekday (M-Th),0: All Day (12am-12am),41,1330,1433,5.6,5.9
Personal,Visitors,Trip End,5,Highland City Library,no,N/A,no,1: Weekday (M-Th),2: Peak AM (6am-10am),3,1367,1628,8.3,8.6
Personal,Visitors,Trip End,5,Highland City Library,no,N/A,no,1: Weekday (M-Th),3: Mid-Day (10am-3pm),15,1244,1257,4.8,4.9
Personal,Visitors,Trip End,5,Highland City Library,no,N/A,no,1: Weekday (M-Th),4: Peak PM (3pm-7pm),20,1431,1595,6.2,6.6
Personal,Visitors,Trip End,5,Highland City Library,no,N/A,no,1: Weekday (M-Th),5: Late PM (7pm-12am),4,1142,1142,4.6,4.6
Personal,Visitors,Trip End,5,Highland City Library,no,N/A,no,2: Weekend Day (Sa-Su),0: All Day (12am-12am),8,1096,1096,4.4,4.4
Personal,Visitors,Trip End,5,Highland City Library,no,N/A,no,2: Weekend Day (Sa-Su),3: Mid-Day (10am-3pm),7,1108,1108,4.9,4.9
Personal,Visitors,Trip End,5,Highland City Library,no,N/A,no,2: Weekend Day (Sa-Su),4: Peak PM (3pm-7pm),1,1023,1023,0.9,0.9
Personal,Visitors,Trip End,6,Lehi City Public Library,no,N/A,no,0: All Days (M-Su),0: All Day (12am-12am),92,1350,1460,4.9,5.3
Personal,Visitors,Trip End,6,Lehi City Public Library,no,N/A,no,0: All Days (M-Su),1: Early AM (12am-6am),0,893,893,2.4,2.4
Personal,Visitors,Trip End,6,Lehi City Public Library,no,N/A,no,0: All Days (M-Su),2: Peak AM (6am-10am),10,1388,1569,5.3,6.0
Personal,Visitors,Trip End,6,Lehi City Public Library,no,N/A,no,0: All Days (M-Su),3: Mid-Day (10am-3pm),42,1234,1354,4.3,4.8
Personal,Visitors,Trip End,6,Lehi City Public Library,no,N/A,no,0: All Days (M-Su),4: Peak PM (3pm-7pm),32,1457,1538,5.6,5.7
Personal,Visitors,Trip End,6,Lehi City Public Library,no,N/A,no,0: All Days (M-Su),5: Late PM (7pm-12am),8,1502,1593,5.0,6.0
Personal,Visitors,Trip End,6,Lehi City Public Library,no,N/A,no,1: Weekday (M-Th),0: All Day (12am-12am),128,1363,1481,4.8,5.3
Personal,Visitors,Trip End,6,Lehi City Public Library,no,N/A,no,1: Weekday (M-Th),1: Early AM (12am-6am),1,893,893,2.4,2.4
Personal,Visitors,Trip End,6,Lehi City Public Library,no,N/A,no,1: Weekday (M-Th),2: Peak AM (6am-10am),17,1404,1586,5.3,6.1
Personal,Visitors,Trip End,6,Lehi City Public Library,no,N/A,no,1: Weekday (M-Th),3: Mid-Day (10am-3pm),53,1206,1336,4.1,4.6
Personal,Visitors,Trip End,6,Lehi City Public Library,no,N/A,no,1: Weekday (M-Th),4: Peak PM (3pm-7pm),45,1496,1580,5.5,5.6
Personal,Visitors,Trip End,6,Lehi City Public Library,no,N/A,no,1: Weekday (M-Th),5: Late PM (7pm-12am),13,1517,1616,4.8,5.9
Personal,Visitors,Trip End,6,Lehi City Public Library,no,N/A,no,2: Weekend Day (Sa-Su),0: All Day (12am-12am),31,1329,1329,5.2,5.2
Personal,Visitors,Trip End,6,Lehi City Public Library,no,N/A,no,2: Weekend Day (Sa-Su),2: Peak AM (6am-10am),1,563,563,0.9,0.9
Personal,Visitors,Trip End,6,Lehi City Public Library,no,N/A,no,2: Weekend Day (Sa-Su),3: Mid-Day (10am-3pm),17,1315,1315,4.2,4.2
Personal,Visitors,Trip End,6,Lehi City Public Library,no,N/A,no,2: Weekend Day (Sa-Su),4: Peak PM (3pm-7pm),11,1412,1412,6.4,6.4
Personal,Visitors,Trip End,6,Lehi City Public Library,no,N/A,no,2: Weekend Day (Sa-Su),5: Late PM (7pm-12am),2,1175,1175,8.7,8.7
Personal,Visitors,Trip End,7,Orem Public Library,no,N/A,no,0: All Days (M-Su),0: All Day (12am-12am),105,1549,1594,4.9,5.0
Personal,Visitors,Trip End,7,Orem Public Library,no,N/A,no,0: All Days (M-Su),1: Early AM (12am-6am),0,2541,2541,16.6,16.6
Personal,Visitors,Trip End,7,Orem Public Library,no,N/A,no,0: All Days (M-Su),2: Peak AM (6am-10am),6,1356,1370,6.0,6.0
Personal,Visitors,Trip End,7,Orem Public Library,no,N/A,no,0: All Days (M-Su),3: Mid-Day (10am-3pm),36,1484,1493,3.8,3.9
Personal,Visitors,Trip End,7,Orem Public Library,no,N/A,no,0: All Days (M-Su),4: Peak PM (3pm-7pm),45,1651,1738,5.4,5.6
Personal,Visitors,Trip End,7,Orem Public Library,no,N/A,no,0: All Days (M-Su),5: Late PM (7pm-12am),17,1483,1503,5.2,5.2
Personal,Visitors,Trip End,7,Orem Public Library,no,N/A,no,1: Weekday (M-Th),0: All Day (12am-12am),127,1601,1641,5.3,5.4
Personal,Visitors,Trip End,7,Orem Public Library,no,N/A,no,1: Weekday (M-Th),2: Peak AM (6am-10am),9,1355,1372,6.1,6.2
Personal,Visitors,Trip End,7,Orem Public Library,no,N/A,no,1: Weekday (M-Th),3: Mid-Day (10am-3pm),40,1634,1643,4.1,4.2
Personal,Visitors,Trip End,7,Orem Public Library,no,N/A,no,1: Weekday (M-Th),4: Peak PM (3pm-7pm),55,1687,1770,6.1,6.3
Personal,Visitors,Trip End,7,Orem Public Library,no,N/A,no,1: Weekday (M-Th),5: Late PM (7pm-12am),22,1426,1429,5.1,5.1
Personal,Visitors,Trip End,7,Orem Public Library,no,N/A,no,2: Weekend Day (Sa-Su),0: All Day (12am-12am),50,1312,1312,3.1,3.1
Personal,Visitors,Trip End,7,Orem Public Library,no,N/A,no,2: Weekend Day (Sa-Su),2: Peak AM (6am-10am),2,669,669,1.1,1.1
Personal,Visitors,Trip End,7,Orem Public Library,no,N/A,no,2: Weekend Day (Sa-Su),3: Mid-Day (10am-3pm),27,1226,1226,3.2,3.2
Personal,Visitors,Trip End,7,Orem Public Library,no,N/A,no,2: Weekend Day (Sa-Su),4: Peak PM (3pm-7pm),21,1475,1475,3.1,3.1
Personal,Visitors,Trip End,8,Payson City Library,no,N/A,no,0: All Days (M-Su),0: All Day (12am-12am),29,1770,1823,4.9,5.3
Personal,Visitors,Trip End,8,Payson City Library,no,N/A,no,0: All Days (M-Su),1: Early AM (12am-6am),1,4468,4468,0.9,0.9
Personal,Visitors,Trip End,8,Payson City Library,no,N/A,no,0: All Days (M-Su),2: Peak AM (6am-10am),0,586,586,0.7,0.7
Personal,Visitors,Trip End,8,Payson City Library,no,N/A,no,0: All Days (M-Su),3: Mid-Day (10am-3pm),15,1841,1910,4.6,4.9
Personal,Visitors,Trip End,8,Payson City Library,no,N/A,no,0: All Days (M-Su),4: Peak PM (3pm-7pm),10,1679,1722,6.4,7.0
Personal,Visitors,Trip End,8,Payson City Library,no,N/A,no,0: All Days (M-Su),5: Late PM (7pm-12am),3,1390,1390,2.6,2.6
Personal,Visitors,Trip End,8,Payson City Library,no,N/A,no,1: Weekday (M-Th),0: All Day (12am-12am),38,1627,1707,3.8,4.4
Personal,Visitors,Trip End,8,Payson City Library,no,N/A,no,1: Weekday (M-Th),1: Early AM (12am-6am),0,5840,5840,1.3,1.3
Personal,Visitors,Trip End,8,Payson City Library,no,N/A,no,1: Weekday (M-Th),2: Peak AM (6am-10am),0,586,586,0.7,0.7
Personal,Visitors,Trip End,8,Payson City Library,no,N/A,no,1: Weekday (M-Th),3: Mid-Day (10am-3pm),17,1594,1731,1.8,2.7
Personal,Visitors,Trip End,8,Payson City Library,no,N/A,no,1: Weekday (M-Th),4: Peak PM (3pm-7pm),16,1693,1740,6.7,7.3
Personal,Visitors,Trip End,8,Payson City Library,no,N/A,no,1: Weekday (M-Th),5: Late PM (7pm-12am),4,1197,1197,1.5,1.5
Personal,Visitors,Trip End,8,Payson City Library,no,N/A,no,2: Weekend Day (Sa-Su),0: All Day (12am-12am),12,2559,2559,9.2,9.2
Personal,Visitors,Trip End,8,Payson City Library,no,N/A,no,2: Weekend Day (Sa-Su),3: Mid-Day (10am-3pm),10,2962,2962,10.7,10.7
Personal,Visitors,Trip End,8,Payson City Library,no,N/A,no,2: Weekend Day (Sa-Su),4: Peak PM (3pm-7pm),3,1079,1079,3.5,3.5
Personal,Visitors,Trip End,9,Pleasant Grove Public Library,no,N/A,no,0: All Days (M-Su),0: All Day (12am-12am),27,1581,1652,7.5,7.8
Personal,Visitors,Trip End,9,Pleasant Grove Public Library,no,N/A,no,0: All Days (M-Su),2: Peak AM (6am-10am),1,1350,1350,2.7,2.7
Personal,Visitors,Trip End,9,Pleasant Grove Public Library,no,N/A,no,0: All Days (M-Su),3: Mid-Day (10am-3pm),8,1402,1522,5.3,5.6
Personal,Visitors,Trip End,9,Pleasant Grove Public Library,no,N/A,no,0: All Days (M-Su),4: Peak PM (3pm-7pm),10,1711,1799,7.1,7.7
Personal,Visitors,Trip End,9,Pleasant Grove Public Library,no,N/A,no,0: All Days (M-Su),5: Late PM (7pm-12am),7,1649,1649,11.3,11.3
Personal,Visitors,Trip End,9,Pleasant Grove Public Library,no,N/A,no,1: Weekday (M-Th),0: All Day (12am-12am),33,1381,1485,4.5,5.0
Personal,Visitors,Trip End,9,Pleasant Grove Public Library,no,N/A,no,1: Weekday (M-Th),2: Peak AM (6am-10am),1,1556,1556,3.1,3.1
Personal,Visitors,Trip End,9,Pleasant Grove Public Library,no,N/A,no,1: Weekday (M-Th),3: Mid-Day (10am-3pm),9,1436,1632,4.8,5.3
Personal,Visitors,Trip End,9,Pleasant Grove Public Library,no,N/A,no,1: Weekday (M-Th),4: Peak PM (3pm-7pm),14,1541,1652,5.5,6.3
Personal,Visitors,Trip End,9,Pleasant Grove Public Library,no,N/A,no,1: Weekday (M-Th),5: Late PM (7pm-12am),8,1029,1029,2.7,2.7
Personal,Visitors,Trip End,9,Pleasant Grove Public Library,no,N/A,no,2: Weekend Day (Sa-Su),0: All Day (12am-12am),17,1705,1705,9.6,9.6
Personal,Visitors,Trip End,9,Pleasant Grove Public Library,no,N/A,no,2: Weekend Day (Sa-Su),2: Peak AM (6am-10am),1,526,526,1.0,1.0
Personal,Visitors,Trip End,9,Pleasant Grove Public Library,no,N/A,no,2: Weekend Day (Sa-Su),3: Mid-Day (10am-3pm),8,1326,1326,7.7,7.7
Personal,Visitors,Trip End,9,Pleasant Grove Public Library,no,N/A,no,2: Weekend Day (Sa-Su),4: Peak PM (3pm-7pm),4,2771,2771,18.1,18.1
Personal,Visitors,Trip End,9,Pleasant Grove Public Library,no,N/A,no,2: Weekend Day (Sa-Su),5: Late PM (7pm-12am),4,1496,1496,5.5,5.5
